profile-config,,
last-modified,name,profile-id,vendor,protocol,available-version,products-supported,device-type
2019-04-05 13:32:59,3com-total-control,3com-total-control,3Com,SNMP,7.0.4,TOTAL-CONTROL-3COM,B,,ROUTER
2019-04-05 13:32:58,a10thunder3030s,a10thunder3030s,A10 Networks,SNMP,7.0.6,thunder 3030s,D,*,UNKNOWN
2019-04-05 13:32:57,accedian-nid-coe,accedian-nid-coe,Accedian COE Networks,SNMP,7.0.5,Accedian-NID-COE,D,*,DEMARCATION_DEVICE
2019-04-05 13:32:56,aci-a8kfr1,aci-a8kfr1,ACI,SNMP,7.0.4,A8KFR1,C1,*,UNKNOWN
2019-04-05 13:32:55,aci-ed5219,aci-ed5219,ACI,SNMP,7.0.4,ED5219,C1,*,AMPLIFIER
2019-04-05 13:32:54,actelis-ml1300,actelis-ml1300,Actelis Networks,TL1,7.0.7,ML1300,B,.*,MSPP
2019-04-05 13:32:53,actelis-ml130,actelis-ml130,Actelis Networks,TL1,7.0.7,ML130,C,.*,MSPP
2019-04-05 13:32:52,actelis-ml2300,actelis-ml2300,Actelis Networks,TL1,7.0.7,ML2300,B,.*,MSPP
2019-04-05 13:32:51,actelis-ml600,actelis-ml600,Actelis Networks,TL1,7.0.7,ML600,C,.*,MSPP
2019-04-05 13:32:50,adc-higain-hmu-319,adc-higain-hmu-319,ADC,TL1,7.0.4,HMU-319,C,.*,UNKNOWN
2019-04-05 13:32:49,adc-soneplex,adc-soneplex,ADC,TL1,7.0.7,Soneplex,B,.*,DLC
2019-04-05 13:32:48,adtran-3140,adtran-3140,"Adtran, Inc",SNMP,7.0.6,Adtran-3140,D,*,ROUTER
2019-04-05 13:32:47,adtran-aoe,adtran-aoe,Adtran,SNMP,7.0.4,AOE,EMS,*,MANAGER
2019-04-05 13:32:46,adtran-mx410,adtran-mx410,Adtran,SNMP,7.0.4,MX410,C1,*,MUX
2019-04-05 13:32:45,adtran-netvanta-3100,adtran-netvanta-3100,adtran,SNMP,7.0.4,netvanta,D,3100,ROUTER
2019-04-05 13:32:44,adtran-netvanta-3400,adtran-netvanta-3400,adtran,SNMP,7.0.4,netvanta,D,3400,ROUTER
2019-04-05 13:32:43,adtran-netvanta-6000,adtran-netvanta-6000,adtran,SNMP,7.0.4,netvanta,C1,6000,ROUTER
2019-04-05 13:32:42,adtran-netvanta,adtran-netvanta,"Adtran, Inc",SNMP,7.0.4,Netvanta,C1,*,UNKNOWN
2019-04-05 13:32:41,adtran-opti-6100,adtran-opti-6100,Adtran,TL1,7.0.7,Opti 6100,C,.*,MSPP
2019-04-05 13:32:40,adtran-ta-1124p,adtran-ta-1124p,Adtran,SNMP,7.0.4,adtran-ta-1124p,D,*,DLC
2019-04-05 13:32:39,adtran-ta-1200,adtran-ta-1200,Adtran,SNMP,7.0.4,Adtran-ta-1200,C1,*,DSLAM
2019-04-05 13:32:38,adtran-ta-1248,adtran-ta-1248,Adtran,SNMP,7.0.4,Adtran-ta-1248,C1,*,DSLAM
2019-04-05 13:32:37,adtran-ta-3000,adtran-ta-3000,Adtran,SNMP,7.0.4,adtran-ta-3000,B,*,DSLAM
2019-04-05 13:32:36,adtran-ta-5000-snmp-comporium,adtran-ta-5000-snmp-comporium,Adtran,SNMP,7.0.5,TA,B,5000,MSAP
2019-04-05 13:32:35,adtran-ta-5000-snmp-modified,adtran-ta-5000-snmp-modified,Adtran,SNMP,7.0.4,TA,B,5000,MSAP
2019-04-05 13:32:34,adtran-ta-5000,adtran-ta-5000,Adtran,TL1,7.0.4,Total Access 5000,B,.*,MSAP
2019-04-05 13:32:33,adtran-ta-900,adtran-ta-900,Adtran,SNMP,7.0.4,adtran-ta-900,C1,*,GATEWAY
2019-04-05 13:32:32,adva-206,adva-206,ADVA,SNMP,7.0.6,Adva GE-206,C1,*,DEMARCATION_DEVICE
2019-04-05 13:32:31,adva-fsp150cc-ge-110,adva-fsp150cc-ge-110,ADVA,SNMP,7.0.6,FSP 150CC-GE110 Series,D,*,UNKNOWN
2019-04-05 13:32:20,adva-fsp-150cc,adva-fsp-150cc,ADVA,SNMP,7.0.10,FSP 150CC,D,*,GATEWAY
2019-04-05 13:32:19,adva-fsp-3000-snmp,adva-fsp-3000-snmp,ADVA Optical Networking,SNMP,7.0.6,FSP-3000RE,B,*,MUX
2019-04-05 13:32:18,adva-fsp-3000,adva-fsp-3000,ADVA Optical Networking,TL1,7.0.4,FSP 3000,B,.*,MSPP
2019-04-05 13:32:17,akcp-sensorprobe8-x60,akcp-sensorprobe8-x60,AKCP,SNMP,7.0.4,AKCP-sensorProbe8-x60,B,*,UNKNOWN
2019-04-05 13:32:16,alcatel-1665-dmx,alcatel-1665-dmx,Alcatel-Lucent,TL1,7.0.4,1665 DMX,D,.*,MSPP
2019-04-05 13:32:15,alcatel-1675,alcatel-1675,Alcatel-Lucent,TL1,7.0.7,1675 Switch,B,.*,SWITCH
2019-04-05 13:32:14,alcatel-6124,alcatel-6124,Alcatel,SNMP,7.0.5,Alcatel Omnistack 6124,C1,*,SWITCH
2019-04-05 13:32:13,alcatel-7700,alcatel-7700,Alcatel,SNMP,7.0.6,OmniSwitch,B,7700,SWITCH
2019-04-05 13:32:12,alcatel-7705,alcatel-7705,Alcatel-Lucent,SNMP,7.0.14,Alcatel-Lucent-7705 SAR,C,*,ROUTER
2019-04-05 13:32:11,alcatel-7800,alcatel-7800,Alcatel,SNMP,7.0.5,OmniSwitch,B,7800,SWITCH
2019-04-05 13:32:10,alcatel-mpr9500,alcatel-mpr9500,alcatel,SNMP,7.0.4,mpr9500,B,*,MICROWAVE_RADIO
2019-04-05 13:32:09,alcatel-omc-ran,alcatel-omc-ran,Alcatel Lucent,SNMP,7.0.4,OMC-RAN,B,*,UNKNOWN
2019-04-05 13:32:08,alcatel-omniswitch-6250,alcatel-omniswitch-6250,Alcatel,SNMP,7.0.4,OmniSwitch-6250,D,*,SWITCH
2019-04-05 13:32:07,alcatel-omniswitch-6850e,alcatel-omniswitch-6850e,Alcatel,SNMP,7.0.6,OmniSwitch-6850E,D,*,SWITCH
2019-04-05 13:32:06,alcatel-oms1350,alcatel-oms1350,Alactel-Lucent,SNMP,7.0.4,Oms1350,B,.*,MANAGER
2019-04-05 13:32:05,allied-telesis-9100,allied-telesis-9100,Allied-Telesis,SNMP,7.0.4,AT9100,C1,*,UNKNOWN
2019-04-05 13:32:04,allied-telesis-9700,allied-telesis-9700,Allied-Telesis,SNMP,7.0.4,AT9700,B,*,UNKNOWN
2019-04-05 13:32:03,allied-telesis-9810,allied-telesis-9810,Allied-Telesis,SNMP,7.0.4,AT9810,C,*,UNKNOWN
2019-04-05 13:32:02,allied-telesis-9900,allied-telesis-9900,Allied-Telesis,SNMP,7.0.4,AT9900,B,*,UNKNOWN
2019-04-05 13:32:01,alpha-alphanet-dsm,alpha-alphanet-dsm,Alpha,SNMP,7.0.9,UPS,C1,AlphaNet DSM,UPS
2019-04-05 13:31:59,alpha-cordex-hp,alpha-cordex-hp,Alpha,SNMP,7.0.4,cordex-hp,C1,*,RECTIFIER
2019-04-05 13:31:58,alpha-ups-fxm,alpha-ups-fxm,Alpha Technologies,SNMP,7.0.4,FXM UPS,C1,FXM Series,UPS
2019-04-05 13:31:57,alvarion-breezemax-macro,alvarion-breezemax-macro,Alvarion,SNMP,7.0.4, BreezeMAX Macro,B,*,UNKNOWN
2019-04-05 13:31:56,alvarion-breezemax-micro,alvarion-breezemax-micro,Alvarion,SNMP,7.0.4,BreezeMAX Micro,B,*,UNKNOWN
2019-04-05 13:31:55,am-9362,am-9362,AM Communications,SNMP,7.0.4,Transponder,C1,9362,POWER_EQUIPMENT
2019-04-05 13:31:54,arris-apex1000,arris-apex1000,Arris,SNMP,7.0.4,APEX-1000,C1,*,UNKNOWN
2019-04-05 13:31:53,arris-modem,arris-modem,ARRIS,SNMP,7.0.4,Arris Modem,D,,CABLE_MODEM
2019-04-05 13:31:52,arris-mta,arris-mta,Arris,SNMP,7.0.4,*,D,*,MTA
2019-04-05 13:31:51,arris-vipr,arris-vipr,ARRIS,SNMP,7.0.4,ARRIS-VIPR,C1,.*,VIDEO_PROCESSOR
2019-04-05 13:31:50,asc-multistream,asc-multistream,ASC,SNMP,7.0.4,MultiStream,B,.*,SWITCH
2019-04-05 13:31:49,asentria-siteboss-420,asentria-siteboss-420,Asentria,SNMP,7.0.4,SiteBoss 420,C1,*,ESP
2019-04-05 13:31:48,asentria-siteboss-530,asentria-siteboss-530,Asentria,SNMP,7.0.4,SiteBoss 530,C1,*,ESP
2019-04-05 13:31:47,asentria-siteboss-550,asentria-siteboss-550,Asentria,SNMP,7.0.4,SiteBoss 550,C1,*,ESP
2019-04-05 13:31:46,asentria-siteboss-570,asentria-siteboss-570,Asentria,SNMP,7.0.4,SiteBoss 570,C1,*,ESP
2019-04-05 13:31:45,audiocodes-btx-4k,audiocodes-btx-4k,AudioCodes,SNMP,7.0.13,AudioCodes ORCA BTX-4K,C,*,GATEWAY
2019-04-05 13:31:44,audiocodes,audiocodes,AudioCodes Limited,SNMP,7.0.4,MediaPack,B,*,GATEWAY
2019-04-05 13:31:43,aurora-ge4132m-gpon,aurora-ge4132m-gpon,"Aurora Networks, Inc",SNMP,7.0.4,GE4132M,E,*,OLT
2019-04-05 13:31:42,aurora-onu-e888x-rtn,aurora-onu-e888x-rtn,"Aurora Networks, Inc",SNMP,7.0.4,E888X,E,*,ONU
2019-04-05 13:31:41,aviat-provision,aviat-provision,Aviat Networks,SNMP,7.0.4,ProVision,B,*,MANAGER
2019-04-05 13:31:40,barracuda-antispam-server,barracuda-antispam-server,Barracuda Networks,SNMP,7.0.7,Spam and Virus Firewall,D,*,FIREWALL
2019-04-05 13:31:39,batm-t-marc-300,batm-t-marc-300,BATM Advanced Communications Ltd.,SNMP,7.0.4,T-Marc,C1,300 Series,DEMARCATION_DEVICE
2019-04-05 13:31:38,benning-dsp-120,benning-dsp-120,Benning,SNMP,7.0.4,Benning TEBEVERT DSP-120,D,*,UNKNOWN
2019-04-05 13:31:37,broadsoft-servers,broadsoft-servers,SUN,SNMP,7.0.4,broadsoft-servers,B,*,UNKNOWN
2019-04-05 13:31:36,brocade-cer2024,brocade-cer2024,"Brocade Communications Systems, Inc",SNMP,7.0.4,"CER2024F,CES2024F,CES2024C,CES2048FX,CES2024F-4X",C1,*,ROUTER
2019-04-05 13:31:35,brocade-fastiron-sx800,brocade-fastiron-sx800,Foundry Networks,SNMP,7.0.4,Foundry Networks,C,*,SWITCH
2019-04-05 13:31:34,brocade-fcx624,brocade-fcx624,"Brocade Communications Systems, Inc",SNMP,7.0.4,"FCX624,FCX648,ICX6610",D,*,SWITCH
2019-04-05 13:31:33,brocade-icx7450,brocade-icx7450,"Brocade Communications Systems, Inc",SNMP,7.0.4,ICX7450,D,*,SWITCH
2019-04-05 13:31:32,bti-702,bti-702,BTI,SNMP,7.0.4,BTI-702,C1,*,UNKNOWN
2019-04-05 13:31:31,bti-704,bti-704,BTI,SNMP,7.0.4,BTI-704,C1,*,UNKNOWN
2019-04-05 13:31:20,bti-7060,bti-7060,BTI,SNMP,7.0.4,BTI 7060,C,*,UNKNOWN
2019-04-05 13:31:19,bti-7200,bti-7200,BTI,SNMP,7.0.4,BTI 7200,C,*,UNKNOWN
2019-04-05 13:31:18,bti-7800,bti-7800,BTI,SNMP,7.0.4,BTI 7800 Series Intelligent Cloud Connect Platform,B,*,UNKNOWN
2019-04-05 13:31:17,bti-810,bti-810,BTI,SNMP,7.0.4,BTI-810,C1,*,UNKNOWN
2019-04-05 13:31:16,bti-netstender,bti-netstender,BTI Systems,TL1,7.0.4,NetStender,C1,*,MUX
2019-04-05 13:31:15,cac-widebank-28,cac-widebank-28,Carrier Access Corporation,TL1,7.0.4,WideBank-28-DS3-Mux,C1,*,MUX
2019-04-05 13:31:14,calix-2000,calix-2000,Calix,SNMP,7.0.4,Calix-2000,E,2000,ONU
2019-04-05 13:31:13,calix-700ge-ont,calix-700ge-ont,Calix,SNMP,7.0.5,700ge-ont,E,*,ONU
2019-04-05 13:31:12,calix-c7cms,calix-c7cms,Calix,TL1,7.0.4,C7CMS,EMS,.*,OSTP
2019-04-05 13:31:11,calix-c7-ems,calix-c7-ems,Calix,TL1,7.0.4,C7CMS,EMS,.*,MANAGER
2019-04-05 13:31:10,calix-c7,calix-c7,Calix,TL1,7.0.12,C7,B,.*,OSTP
2019-04-05 13:31:09,calix-e3,calix-e3,Calix,SNMP,7.0.5,E3,C,*,ESP
2019-04-05 13:31:08,calix-e7-20,calix-e7-20,Calix,SNMP,7.0.10,E7-20,B,*,ESP
2019-04-05 13:31:07,carrier-access-mux,carrier-access-mux,Carrier Access,SNMP,7.0.5,Multiplexer,C1,.*,MUX
2019-04-05 13:31:06,casa-c100g,casa-c100g,CASA Systems,SNMP,7.0.5,c100g,B,*,CMTS
2019-04-05 13:31:05,casa-c10g,casa-c10g,CASA Systems,SNMP,7.0.4,c10g,B,*,CMTS
2019-04-05 13:31:04,ceragon-ip-10,ceragon-ip-10,CERAGON,SNMP,7.0.4,CERAGON IP-10,C1,*,SWITCH
2019-04-05 13:31:03,checkpoint-ngx,checkpoint-ngx,Check Point Software Technologies LTD.,SNMP,7.0.4,Checkpoint NGX R62 Firewall,C1,,FIREWALL
2019-04-05 13:31:02,ciena-3916,ciena-3916,Ciena,SNMP,7.0.5,"Ciena 3900,3916,3930",D,*,SWITCH
2019-04-05 13:31:01,ciena-3930,ciena-3930,Ciena,SNMP,7.0.5,"Ciena 3900,3916,3930,3931,3932",D,*,SWITCH
2019-04-05 13:30:59,ciena-5140,ciena-5140,Ciena,SNMP,7.0.4,5140,C1,*,SWITCH
2019-04-05 13:30:58,ciena-5142,ciena-5142,Ciena,SNMP,7.0.5,5142,C1,*,SWITCH
2019-04-05 13:30:57,ciena-5160,ciena-5160,Ciena,SNMP,7.0.4,5160,C1,*,SWITCH
2019-04-05 13:30:56,ciena-5400-snmp,ciena-5400-snmp,Ciena,SNMP,7.0.4,Ciena-5400,B,*,SWITCH
2019-04-05 13:30:55,ciena-5400,ciena-5400,Ciena,TL1,7.0.7,5400 Reconfigurable Switching System,B,.*,SWITCH
2019-04-05 13:30:54,ciena-8700,ciena-8700,ciena,SNMP,7.0.4,ciena-8700,B,8700,SWITCH
2019-04-05 13:30:53,ciena-cn-4200,ciena-cn-4200,Ciena,TL1,7.0.4,CN 4200,B,.*,MSPP
2019-04-05 13:30:52,ciena-coredirector,ciena-coredirector,Ciena,TL1,7.0.9,Core Director,B,.*,MSSP
2019-04-05 13:30:51,ciena-online-metro,ciena-online-metro,Ciena,TL1,7.0.7,Online Metro,B,.*,ADM
2019-04-05 13:30:50,ciena-z33,ciena-z33,Ciena,SNMP,7.0.4,ciena-z33,B,*,UNKNOWN
2019-04-05 13:30:49,cisco-10012,cisco-10012,"Cisco Systems, Inc",SNMP,7.0.5,Cisco 10012,B,*,CMTS
2019-04-05 13:30:48,cisco-12004,cisco-12004,"Cisco Systems, Inc",SNMP,7.0.5,Cisco 12004,B,*,ROUTER
2019-04-05 13:30:47,cisco-12006,cisco-12006,"Cisco Systems, Inc",SNMP,7.0.5,Cisco 12006,B,*,ROUTER
2019-04-05 13:30:46,cisco-12008,cisco-12008,"Cisco Systems, Inc",SNMP,7.0.5,Cisco 12008,B,*,ROUTER
2019-04-05 13:30:45,cisco-12010,cisco-12010,"Cisco Systems, Inc",SNMP,7.0.5,Cisco 12010,B,*,ROUTER
2019-04-05 13:30:44,cisco-12012,cisco-12012,"Cisco Systems, Inc",SNMP,7.0.5,Cisco 12012,B,*,ROUTER
2019-04-05 13:30:43,cisco-12014,cisco-12014,"Cisco Systems, Inc",SNMP,7.0.5,Cisco 12014,B,*,ROUTER
2019-04-05 13:30:42,cisco-12016,cisco-12016,"Cisco Systems, Inc",SNMP,7.0.5,Cisco 12016,B,*,ROUTER
2019-04-05 13:30:41,cisco-12404,cisco-12404,"Cisco Systems, Inc",SNMP,7.0.7,Cisco 12404,B,*,ROUTER
2019-04-05 13:30:40,cisco-12406,cisco-12406,"Cisco Systems, Inc",SNMP,7.0.6,Cisco 12406,B,*,ROUTER
2019-04-05 13:30:39,cisco-12416,cisco-12416,"Cisco Systems, Inc",SNMP,7.0.6,Cisco 12416,B,*,ROUTER
2019-04-05 13:30:38,cisco-12810,cisco-12810,"Cisco Systems, Inc",SNMP,7.0.6,Cisco 12810,B,*,ROUTER
2019-04-05 13:30:37,cisco-12816,cisco-12816,"Cisco Systems, Inc",SNMP,7.0.5,Cisco 12816,B,*,ROUTER
2019-04-05 13:30:36,cisco-1600,cisco-1600,"Cisco Systems, Inc",SNMP,7.0.4,Cisco 1600,D,*,ROUTER
2019-04-05 13:30:35,cisco-1701,cisco-1701,"Cisco Systems, Inc",SNMP,7.0.4,Cisco 1701 ADSL Security Access Router,D,*,ROUTER
2019-04-05 13:30:34,cisco-1711,cisco-1711,"Cisco Systems, Inc",SNMP,7.0.4,Cisco 1711 Security Access Router,D,*,ROUTER
2019-04-05 13:30:33,cisco-1720,cisco-1720,"Cisco Systems, Inc",SNMP,7.0.4,Cisco 1700 Series Modular Access Routers,D,*,ROUTER
2019-04-05 13:30:32,cisco-1800,cisco-1800,"Cisco Systems, Inc",SNMP,7.0.5,Router,D,*,ROUTER
2019-04-05 13:30:31,cisco-1811,cisco-1811,"Cisco Systems, Inc",SNMP,7.0.5,Router,D,*,ROUTER
2019-04-05 13:30:20,cisco-1841,cisco-1841,"Cisco Systems, Inc",SNMP,7.0.5,Router,D,*,ROUTER
2019-04-05 13:30:19,cisco-1900,cisco-1900,"Cisco Systems, Inc",SNMP,7.0.5,Cisco 1900,D,*,ROUTER
2019-04-05 13:30:18,cisco-1941,cisco-1941,"Cisco Systems, Inc",SNMP,7.0.5,Cisco 1941,D,*,ROUTER
2019-04-05 13:30:17,cisco-2431,cisco-2431,"Cisco Systems, Inc",SNMP,7.0.4,Cisco 2431 Integrated Access Device,D,,GATEWAY
2019-04-05 13:30:16,cisco-2432,cisco-2432,"Cisco Systems, Inc",SNMP,7.0.4,Cisco 2432 Integrated Access Device,D,,GATEWAY
2019-04-05 13:30:15,cisco2501-router,cisco2501-router,"Cisco Systems, Inc",SNMP,7.0.5,2501,D,*,ROUTER
2019-04-05 13:30:14,cisco-2511,cisco-2511,"Cisco Systems, Inc",SNMP,7.0.5,Cisco 2511 Router/Access Server,D,*,ROUTER
2019-04-05 13:30:13,cisco-2610,cisco-2610,"Cisco Systems, Inc",SNMP,7.0.6,Cisco 2610 Router,D,*,ROUTER
2019-04-05 13:30:12,cisco-2611,cisco-2611,"Cisco Systems, Inc",SNMP,7.0.4,Cisco 2611 Router,D,*,ROUTER
2019-04-05 13:30:11,cisco-2611xm,cisco-2611xm,"Cisco Systems, Inc",SNMP,7.0.4,Cisco 2611XM Router,D,*,ROUTER
2019-04-05 13:30:10,cisco-2620,cisco-2620,"Cisco Systems, Inc",SNMP,7.0.4,Cisco 2620 Router,D,*,ROUTER
2019-04-05 13:30:09,cisco-2621,cisco-2621,"Cisco Systems, Inc",SNMP,7.0.4,Cisco Modular Access Routers,D,*,ROUTER
2019-04-05 13:30:08,cisco-2621xm,cisco-2621xm,"Cisco Systems, Inc",SNMP,7.0.4,Cisco Modular Access Routers,D,*,ROUTER
2019-04-05 13:30:07,cisco-2651,cisco-2651,"Cisco Systems, Inc",SNMP,7.0.5,Cisco 2651 Router,D,*,ROUTER
2019-04-05 13:30:06,cisco-2801,cisco-2801,"Cisco Systems, Inc",SNMP,7.0.4,Cisco 2801 Integrated Service Router,D,*,ROUTER
2019-04-05 13:30:05,cisco-2811,cisco-2811,"Cisco Systems, Inc",SNMP,7.0.5,Cisco 2811 Integrated Service Router,D,*,ROUTER
2019-04-05 13:30:04,cisco-2821,cisco-2821,"Cisco Systems, Inc",SNMP,7.0.4,Cisco 2821 Integrated Service Router,D,*,ROUTER
2019-04-05 13:30:03,cisco-2900xl,cisco-2900xl,"Cisco Systems, Inc",SNMP,7.0.4,Cisco 2900xl,D,*,SWITCH
2019-04-05 13:30:02,cisco-2912,cisco-2912,"Cisco Systems, Inc",SNMP,7.0.4,Cisco 2912 Switch,D,*,SWITCH
2019-04-05 13:30:01,cisco-2924,cisco-2924,"Cisco Systems, Inc",SNMP,7.0.4,Cisco 2924 Switch,D,,SWITCH
2019-04-05 13:29:59,cisco-2926,cisco-2926,"Cisco Systems, Inc",SNMP,7.0.4,Cisco 2926,D,*,SWITCH
2019-04-05 13:29:58,cisco-2950,cisco-2950,"Cisco Systems, Inc",SNMP,7.0.4,Cisco 2950 Switch,D,*,SWITCH
2019-04-05 13:29:57,cisco-2960s,cisco-2960s,"Cisco Systems, Inc",SNMP,7.0.4,Cisco 2960S Switch,D,*,SWITCH
2019-04-05 13:29:56,cisco-2960,cisco-2960,"Cisco Systems, Inc",SNMP,7.0.4,Cisco 2960 Switch,D,*,SWITCH
2019-04-05 13:29:55,cisco-2970,cisco-2970,"Cisco Systems, Inc",SNMP,7.0.4,Cisco 2970,D,*,SWITCH
2019-04-05 13:29:54,cisco-3508,cisco-3508,"Cisco Systems, Inc",SNMP,7.0.5,Cisco 3508 Switch,D,*,SWITCH
2019-04-05 13:29:53,cisco-3512,cisco-3512,"Cisco Systems, Inc",SNMP,7.0.5,Cisco Catalyst 3512 XL Switch,D,*,SWITCH
2019-04-05 13:29:52,cisco-3548,cisco-3548,"Cisco Systems, Inc",SNMP,7.0.5,Cisco 3548 Switch,C1,*,SWITCH
2019-04-05 13:29:51,cisco-3560,cisco-3560,"Cisco Systems, Inc",SNMP,7.0.4,Cisco 3560 Switch,D,*,SWITCH
2019-04-05 13:29:50,cisco-3640,cisco-3640,"Cisco Systems, Inc",SNMP,7.0.5,Cisco 3600 Series Multifunction Platform,C,*,ROUTER
2019-04-05 13:29:49,cisco-3725,cisco-3725,"Cisco Systems, Inc",SNMP,7.0.5,Cisco 3725 MultiService Access Router,D,*,ROUTER
2019-04-05 13:29:48,cisco-3745,cisco-3745,"Cisco Systems, Inc",SNMP,7.0.5,Cisco 3745,C,*,ROUTER
2019-04-05 13:29:47,cisco-3825,cisco-3825,"Cisco Systems, Inc",SNMP,7.0.5,Cisco 3825 Integrated Service Router,D,*,ROUTER
2019-04-05 13:29:46,cisco-3845,cisco-3845,"Cisco Systems, Inc",SNMP,7.0.5,Cisco 3845 Integrated Service Router,D,,ROUTER
2019-04-05 13:29:45,cisco-3850,cisco-3850,Cisco,SNMP,7.0.4,Cisco,C,*,SWITCH
2019-04-05 13:29:44,cisco-3925,cisco-3925,"Cisco Systems, Inc",SNMP,7.0.5,Cisco 3925 Integrated Services Router,C,*,ROUTER
2019-04-05 13:29:43,cisco-4006,cisco-4006,"Cisco Systems, Inc",SNMP,7.0.5,Cisco 4006 Switch,B,*,SWITCH
2019-04-05 13:29:42,cisco-4507,cisco-4507,"Cisco Systems, Inc",SNMP,7.0.5,Cisco 4507,B,*,SWITCH
2019-04-05 13:29:41,cisco-4510,cisco-4510,"Cisco Systems, Inc",SNMP,7.0.5,Cisco 4510,B,*,SWITCH
2019-04-05 13:29:40,cisco-4900m,cisco-4900m,"Cisco Systems, Inc",SNMP,7.0.10,Cisco 4900m Switch,C1,*,SWITCH
2019-04-05 13:29:39,cisco-4924,cisco-4924,"Cisco networks,Inc",SNMP,7.0.5,ME4924-10GE,C1,*,SWITCH
2019-04-05 13:29:38,cisco-4948e,cisco-4948e,"Cisco Systems, Inc",SNMP,7.0.5,Cisco 4948e Switch,C1,*,SWITCH
2019-04-05 13:29:37,cisco-4948,cisco-4948,"Cisco Systems, Inc",SNMP,7.0.5,Cisco 4948 Switch,D,*,SWITCH
2019-04-05 13:29:36,cisco-5508,cisco-5508,"Cisco Systems, Inc",SNMP,7.0.4,cisco 5508 wireless controller,C1,*,UNKNOWN
2019-04-05 13:29:35,cisco-6506,cisco-6506,"Cisco Systems, Inc",SNMP,7.0.5,Cisco 6506,B,*,SWITCH
2019-04-05 13:29:34,cisco-6509,cisco-6509,"Cisco Systems, Inc",SNMP,7.0.5,Cisco 6509,B,*,SWITCH
2019-04-05 13:29:33,cisco-7100,cisco-7100,"Cisco Systems, Inc",SNMP,7.0.5,Cisco CMTS Universal Broadband Router 7100 series,C1,*,CMTS
2019-04-05 13:29:32,cisco-7140,cisco-7140,"Cisco Systems, Inc",SNMP,7.0.5,Cisco 7140 VPN Router,C1,*,ROUTER
2019-04-05 13:29:31,cisco-7201,cisco-7201,"Cisco Systems, Inc",SNMP,7.0.5,7201,D,*,ROUTER
2019-04-05 13:29:20,cisco7204VXR-router,cisco7204VXR-router,"Cisco Systems, Inc",SNMP,7.0.4,7204VXR,C,*,ROUTER
2019-04-05 13:29:19,cisco-7225,cisco-7225,"Cisco Systems, Inc",SNMP,7.0.5,Cisco 7225 Router,C,*,CMTS
2019-04-05 13:29:18,cisco-7301,cisco-7301,"Cisco, Inc",SNMP,7.0.5,Cisco-7301 Router,C,*,ROUTER
2019-04-05 13:29:17,cisco-7304,cisco-7304,"Cisco Systems, Inc",SNMP,7.0.5,Cisco-7304,C,*,ROUTER
2019-04-05 13:29:16,cisco-7603,cisco-7603,"Cisco Systems, Inc",SNMP,7.0.5,Cisco 7603 / 7603-S Router,C,*,ROUTER
2019-04-05 13:29:15,cisco-7606s,cisco-7606s,"Cisco Systems, Inc",SNMP,7.0.7,Cisco 7606-S Router,B,*,ROUTER
2019-04-05 13:29:14,cisco-7606,cisco-7606,"Cisco Systems, Inc",SNMP,7.0.5,Cisco 7606 / 7606-S Router,C,*,ROUTER
2019-04-05 13:29:13,cisco-7609,cisco-7609,"Cisco Systems, Inc",SNMP,7.0.7,Cisco 7609 / 7609-S Router,B,*,ROUTER
2019-04-05 13:29:12,cisco-ace10,cisco-ace10,"Cisco Systems, Inc",SNMP,7.0.4,Cisco ACE10 K9,D,*,SWITCH
2019-04-05 13:29:11,cisco-ap-1100,cisco-ap-1100,"Cisco Systems, Inc",SNMP,7.0.4,Cisco Aironet 1100 Series Access Point,D,*,ACCESS_POINT
2019-04-05 13:29:10,cisco-ap-1200,cisco-ap-1200,"Cisco Systems, Inc",SNMP,7.0.4,Cisco Aironet 1200 Series Access Point,D,*,ACCESS_POINT
2019-04-05 13:29:09,cisco-as5400,cisco-as5400,"Cisco Systems, Inc",SNMP,7.0.4,Cisco AS5400 Router,C,*,ROUTER
2019-04-05 13:29:08,cisco-asa-5505,cisco-asa-5505,"Cisco Systems, Inc",SNMP,7.0.4,Cisco ASA 5505,D,*,FIREWALL
2019-04-05 13:29:07,cisco-asa-5510,cisco-asa-5510,"Cisco Systems, Inc",SNMP,7.0.4,Cisco ASA 5510,D,*,FIREWALL
2019-04-05 13:29:06,cisco-asa-5550,cisco-asa-5550,"Cisco Systems, Inc",SNMP,7.0.5,Cisco ASA 5550,D,*,FIREWALL
2019-04-05 13:29:05,cisco-asr9900,cisco-asr9900,"Cisco Systems, Inc",SNMP,7.0.16,Cisco ASR 9900,B,*,ROUTER
2019-04-05 13:29:04,cisco-bac,cisco-bac,"Cisco Systems,Inc",SNMP,7.0.4,Broadband Access Center,EMS,4.2,SERVER
2019-04-05 13:29:03,cisco-bts10200,cisco-bts10200,"Cisco Systems, Inc",SNMP,7.0.4,BTS10200,B,.*,SWITCH
2019-04-05 13:29:02,cisco-callmanager,cisco-callmanager,"Cisco Systems, Inc",SNMP,7.0.4,Cisco CallManager,C,*,IP_PBX
2019-04-05 13:29:01,cisco-cat4500e,cisco-cat4500e,"Cisco Systems, Inc",SNMP,7.0.5,Cisco-cat4500e,B,*,SWITCH
2019-04-05 13:28:59,cisco-cbr8,cisco-cbr8,Cisco,SNMP,7.0.5,Cisco-cbr8,B,*,ROUTER
2019-04-05 13:28:58,cisco-cmc,cisco-cmc,"Cisco Systems, Inc",SNMP,7.0.4,Cisco CMC,D,*,GATEWAY
2019-04-05 13:28:57,cisco-continuum-dqa,cisco-continuum-dqa,"Cisco Systems, Inc",SNMP,7.0.4,continuum-dqa,C,*,UNKNOWN
2019-04-05 13:28:56,cisco-crs-16s,cisco-crs-16s,CISCO,SNMP,7.0.4,Cisco CRS-16s Line Card Chassis Carrier Router,B,*,ROUTER
2019-04-05 13:28:55,cisco-emta,cisco-emta,"Cisco Systems, Inc",SNMP,7.0.4,emta,E,.*,MTA
2019-04-05 13:28:54,cisco-isr2900,cisco-isr2900,"Cisco Systems, Inc",SNMP,7.0.5,Cisco 2900 Series Integrated Services Router,C1,*,ROUTER
2019-04-05 13:28:53,cisco-isr-2911,cisco-isr-2911,"Cisco Systems, Inc",SNMP,7.0.16,Cisco 2911 Integrated Services Router,C1,*,ROUTER
2019-04-05 13:28:52,cisco-isr-800,cisco-isr-800,"Cisco Systems, Inc",SNMP,7.0.5,Cisco 800 Series Integrated Services Router,D,*,ROUTER
2019-04-05 13:28:51,cisco-mgx-8880,cisco-mgx-8880,"Cisco Systems, Inc",SNMP,7.0.5,MGX-8880,B,*,SWITCH
2019-04-05 13:28:50,cisco-modem-epc2325,cisco-modem-epc2325,Cisco,SNMP,7.0.4,Cisco EPC2325,E,,CABLE_MODEM
2019-04-05 13:28:49,cisco-modem-epc2425,cisco-modem-epc2425,Cisco,SNMP,7.0.4,Cisco EPC2425,E,,CABLE_MODEM
2019-04-05 13:28:48,cisco-modem-epc3925,cisco-modem-epc3925,Cisco,SNMP,7.0.4,Cisco EPC3925,E,,CABLE_MODEM
2019-04-05 13:28:47,cisco-network-registrar,cisco-network-registrar,Cisco,SNMP,7.0.4,Cisco Network Registrar,C,*,SERVER
2019-04-05 13:28:46,cisco-nexus-2248tp,cisco-nexus-2248tp,"Cisco Systems, Inc",SNMP,7.0.4,Cisco-Nexus-2248tp,C1,*,SWITCH
2019-04-05 13:28:45,cisco-nexus-5548up,cisco-nexus-5548up,"Cisco Systems, Inc",SNMP,7.0.4,Cisco-Nexus-5548up,C1,*,SWITCH
2019-04-05 13:28:44,cisco-nexus-9300,cisco-nexus-9300,"Cisco Systems, Inc",SNMP,7.0.5,cisco-nexus-9300,D,*,SWITCH
2019-04-05 13:28:43,cisco-ons15310,cisco-ons15310,"Cisco Systems, Inc",TL1,7.0.5,ONS15310CL,B,.*,MSPP
2019-04-05 13:28:42,cisco-ons15327,cisco-ons15327,"Cisco Systems, Inc",TL1,7.0.7,ONS15327,B,.*,MSPP
2019-04-05 13:28:41,cisco-ons15454-ml,cisco-ons15454-ml,"Cisco Systems, Inc",SNMP,7.0.5,ONS15454-ML,B,*,MSPP
2019-04-05 13:28:40,cisco-ons15454-v9.6,cisco-ons15454-v9.6,"Cisco Systems, Inc",TL1,7.0.11,ONS15454,B,9.6,MSPP
2019-04-05 13:28:39,cisco-ons15454,cisco-ons15454,"Cisco Systems, Inc",TL1,7.0.8,ONS15454,B,10.x.x,MSPP
2019-04-05 13:28:38,cisco-ons15455,cisco-ons15455,"Cisco Systems, Inc",TL1,7.0.7,ONS15455,B,.*,MSPP
2019-04-05 13:28:37,cisco-ons15600,cisco-ons15600,"Cisco Systems, Inc",TL1,7.0.5,ONS15600,B,.*,MSPP
2019-04-05 13:28:36,cisco-pixfirewall-501,cisco-pixfirewall-501,"Cisco Systems, Inc",SNMP,7.0.4,Cisco PIXfirewall 501,D,*,FIREWALL
2019-04-05 13:28:35,cisco-pixfirewall-506e,cisco-pixfirewall-506e,"Cisco Systems, Inc",SNMP,7.0.4,Cisco PIXfirewall 506 E,D,*,FIREWALL
2019-04-05 13:28:34,cisco-pixfirewall-515e,cisco-pixfirewall-515e,"Cisco Systems, Inc",SNMP,7.0.4,Cisco PIXfirewall 515 E,D,*,FIREWALL
2019-04-05 13:28:33,cisco-powervu,cisco-powervu,"Cisco Systems, Inc",SNMP,7.0.4,Cisco Power vu,C1,*,DTV_RECEIVER
2019-04-05 13:28:32,cisco-prime-access-registrar,cisco-prime-access-registrar,"Cisco Systems, Inc",SNMP,7.0.4,Cisco Prime Access Registrar,C1,*,SERVER
2019-04-05 13:28:31,cisco-prisma,cisco-prisma,"Cisco Systems, Inc",SNMP,7.0.10,Prisma II Video Platform,C,*,VIDEO_PLATFORM
2019-04-05 13:28:20,cisco-rfgw10,cisco-rfgw10,"Cisco Systems,Inc",SNMP,7.0.5,Gateway,B,10,GATEWAY
2019-04-05 13:28:19,cisco-sg300,cisco-sg300,"Cisco Systems, Inc",SNMP,7.0.4,Cisco SG300 Switch,D,*,SWITCH
2019-04-05 13:28:18,cisco-ubr-7223,cisco-ubr-7223,"Cisco Systems, Inc",SNMP,7.0.4,Cisco UBR 7223,C,*,CMTS
2019-04-05 13:28:17,cisco-ubr-7246-vxr,cisco-ubr-7246-vxr,"Cisco Systems, Inc",SNMP,7.0.5,Cisco UBR 7246 VXR,C,*,CMTS
2019-04-05 13:28:16,cisco-ubr-7246,cisco-ubr-7246,"Cisco Systems, Inc",SNMP,7.0.4,Cisco UBR 7246,C,*,CMTS
2019-04-05 13:28:15,cisco-unity,cisco-unity,"Cisco Systems, Inc",SNMP,7.0.4,Unity,C,*,COLLABORATION_SERVER
2019-04-05 13:28:14,cisco-vpn-3000,cisco-vpn-3000,"Cisco Systems, Inc",SNMP,7.0.4,Cisco 3000 VPN Concentrator,C,,VPN
2019-04-05 13:28:13,cisco-ws-c2924-xl,cisco-ws-c2924-xl,"Cisco Systems, Inc",SNMP,7.0.4,WS-C2924-XL,D,*,SWITCH
2019-04-05 13:28:12,colubris-map,colubris-map,Colubris Networks,SNMP,7.0.4,MAP,D,*,ACCESS_POINT
2019-04-05 13:28:11,colubris-msc-3000,colubris-msc-3000,Colubris Networks,SNMP,7.0.4,MSC 3000,D,*,ACCESS_POINT
2019-04-05 13:28:10,colubris-msc-5000,colubris-msc-5000,Colubris Networks,SNMP,7.0.4,MSC 5000,D,*,SERVICE_CONTROLLER
2019-04-05 13:28:09,coriant-dnx,coriant-dnx,Coriant,SNMP,7.0.5,coriant-dnx,B,*,UNKNOWN
2019-04-05 13:28:08,cyan-cyms,cyan-cyms,Cyan Optics,TL1,7.0.4,CYMS,EMS,*,MSPP
2019-04-05 13:28:07,cyan-z33,cyan-z33,cyan,SNMP,7.0.4,cyan,B,*,UNKNOWN
2019-04-05 13:28:06,dantel-pointmaster-eagle,dantel-pointmaster-eagle,Dantel,SNMP,7.0.4,PointMaster,C,*,UNKNOWN
2019-04-05 13:28:05,dantel-webmon,dantel-webmon,Dantel Inc.,SNMP,7.0.8,WEBMON MATRIX,C1,*,MANAGER
2019-04-05 13:28:04,dataprobe-ipio-8-v2,dataprobe-ipio-8-v2,Dataprobe Inc.,SNMP,7.0.4,iPIO-8,C1,*,UNKNOWN
2019-04-05 13:28:03,dataprobe-ipio-8,dataprobe-ipio-8,Dataprobe Inc.,SNMP,7.0.4,iPIO-8,C1,*,UNKNOWN
2019-04-05 13:28:02,dell-5324,dell-5324,"Dell PowerConnect,Inc",SNMP,7.0.4,Dell PowerConnect 5324,C1,*,SWITCH
2019-04-05 13:28:01,dell-equallogic-san,dell-equallogic-san,"DELL EqualLogic, Inc.",SNMP,7.0.4,PS Series SAN Equipment,C,*,SAN
2019-04-05 13:27:59,dell-openmanager,dell-openmanager,Dell,SNMP,7.0.4,OpenManage Server Administrator,C,*,MANAGER
2019-04-05 13:27:58,dell-powerconnect,dell-powerconnect,"DELL EqualLogic, Inc.",SNMP,7.0.4,PowerConnect,C1,*,SWITCH
2019-04-05 13:27:57,dell-poweredge-2850,dell-poweredge-2850,"DELL EqualLogic, Inc.",SNMP,7.0.4,PowerEdge-2850,C1,*,SERVER
2019-04-05 13:27:56,dell-rac,dell-rac,"DELL EqualLogic, Inc.",SNMP,7.0.11,IDRAC,C1,*,UNKNOWN
2019-04-05 13:27:55,des-3226l,des-3226l,D-LINK,SNMP,7.0.4,DES-3226L SWITCH,D,3226L,SWITCH
2019-04-05 13:27:54,d-link-des-3226l,d-link-des-3226l,D-LINK,SNMP,7.0.4,DES-3226L SWITCH,D,3226L,SWITCH
2019-04-05 13:27:53,doc3.0-cisco-cbr8,doc3.0-cisco-cbr8,Cisco,SNMP,7.0.5,Cisco-cbr8,B,*,CMTS
2019-04-05 13:27:52,docs3.0-arris-modem,docs3.0-arris-modem,ARRIS,SNMP,7.0.4,Arris Modem,D,*,CABLE_MODEM
2019-04-05 13:27:51,docs3.0-cisco-7100,docs3.0-cisco-7100,"Cisco Systems, Inc",SNMP,7.0.5,Cisco CMTS Universal Broadband Router 7100 series,C,*,CMTS
2019-04-05 13:27:50,docs3.0-cisco-7225,docs3.0-cisco-7225,"Cisco Systems, Inc",SNMP,7.0.5,Cisco 7225 Router,C,*,CMTS
2019-04-05 13:27:49,docs3.0-cisco-modem-epc2325,docs3.0-cisco-modem-epc2325,Cisco,SNMP,7.0.4,Cisco EPC2325,E,,CABLE_MODEM
2019-04-05 13:27:48,docs3.0-cisco-modem-epc2425,docs3.0-cisco-modem-epc2425,Cisco,SNMP,7.0.4,Cisco EPC2425,E,,CABLE_MODEM
2019-04-05 13:27:47,docs3.0-cisco-modem-epc3925,docs3.0-cisco-modem-epc3925,Cisco,SNMP,7.0.4,Cisco EPC3925,E,,CABLE_MODEM
2019-04-05 13:27:46,docs3.0-cisco-ubr-7223,docs3.0-cisco-ubr-7223,"Cisco Systems, Inc",SNMP,7.0.4,Cisco UBR 7223,C,*,CMTS
2019-04-05 13:27:45,docs3.0-cisco-ubr-7246-vxr,docs3.0-cisco-ubr-7246-vxr,"Cisco Systems, Inc",SNMP,7.0.5,Cisco UBR 7246 VXR,C,*,CMTS
2019-04-05 13:27:44,docs3.0-cisco-ubr-7246,docs3.0-cisco-ubr-7246,"Cisco Systems, Inc",SNMP,7.0.4,Cisco UBR 7246,C,,CMTS
2019-04-05 13:27:43,docs3.0-motorola-bsr-64000,docs3.0-motorola-bsr-64000,Motorola,SNMP,7.0.5,Motorola BSR 64000,B,*,CMTS
2019-04-05 13:27:42,docs3.0-motorola-dsr,docs3.0-motorola-dsr,Motorola,SNMP,7.0.4,Motorola DSR series receivers,C1,*,CMTS
2019-04-05 13:27:41,docs3.0-motorola-modem-sb5101ne,docs3.0-motorola-modem-sb5101ne,Motorola,SNMP,7.0.4,Motorola SB5101NE,E,,CABLE_MODEM
2019-04-05 13:27:40,docs3.0-motorola-modem-sb5101n,docs3.0-motorola-modem-sb5101n,Motorola,SNMP,7.0.4,Motorola SB5101N,E,,CABLE_MODEM
2019-04-05 13:27:39,docs3.0-motorola-modem,docs3.0-motorola-modem,Motorola,SNMP,7.0.4,Motorola Modem,E,*,CABLE_MODEM
2019-04-05 13:27:38,docs3.0-technicolor-modem,docs3.0-technicolor-modem,Technicolor,SNMP,7.0.4,Technicolor TC7200,E,,CABLE_MODEM
2019-04-05 13:27:37,docs3.0-thomson-modem-tcw750-4,docs3.0-thomson-modem-tcw750-4,Thomson,SNMP,7.0.4,Thomson TCW750-4,E,,CABLE_MODEM
2019-04-05 13:27:36,docs3.0-thomson-modem-tcw770,docs3.0-thomson-modem-tcw770,Thomson,SNMP,7.0.4,Thomson TCW770,E,,CABLE_MODEM
2019-04-05 13:27:35,docs3.0-thomson-modem-tcw850-4,docs3.0-thomson-modem-tcw850-4,Thomson,SNMP,7.0.4,Thomson TCW850-4,E,,CABLE_MODEM
2019-04-05 13:27:34,docs3.0-thomson-modem,docs3.0-thomson-modem,Thomson,SNMP,7.0.4,Thomson Modem,E,*,CABLE_MODEM
2019-04-05 13:27:33,dps-ng420,dps-ng420,DPS Telecom,SNMP,7.0.4,DPS Telecom NetGuardian 420,C1,*,UNKNOWN
2019-04-05 13:27:32,dps-ng480,dps-ng480,DPS Telecom,SNMP,7.0.6,DPS Telecom NetGuardian 480,C1,*,UNKNOWN
2019-04-05 13:27:31,eastern-research-dacs,eastern-research-dacs,"Eastern Research, Inc",SNMP,7.0.4,Eastern Research DACS,B,*,DCS
2019-04-05 13:27:20,eaton-powerware-9155,eaton-powerware-9155,Eaton,SNMP,7.0.4,Powerware-9155,C,9155,UPS
2019-04-05 13:27:19,eci-9700,eci-9700,ECI Telecom,SNMP,7.0.4,ECI-9700 series,B,*,ROUTER
2019-04-05 13:27:18,eci-st200,eci-st200,ECI Telecom,SNMP,7.0.4,ECI-ST200,B,*,ROUTER
2019-04-05 13:27:17,eci-st50,eci-st50,ECI Telecom,SNMP,7.0.4,ECI-ST50,B,*,ROUTER
2019-04-05 13:27:16,electroline-dht-transponder,electroline-dht-transponder,Electroline,SNMP,7.0.10,Electroline DHT Transponder,C1,*,UNKNOWN
2019-04-05 13:27:15,ericsson-ecn320,ericsson-ecn320,Ericsson,SNMP,7.0.4,ECN320,C1,*,SWITCH
2019-04-05 13:27:14,ericsson-ecn330,ericsson-ecn330,Ericsson,SNMP,7.0.4,ECN330,C1,*,SWITCH
2019-04-05 13:27:13,ericsson-edn312p,ericsson-edn312p,Ericsson,SNMP,7.0.4,EDN312P,C1,*,DSLAM
2019-04-05 13:27:12,ericsson-edn312xp,ericsson-edn312xp,Ericsson,SNMP,7.0.6,EDN312XP,C1,*,DSLAM
2019-04-05 13:27:11,ericsson-edn612,ericsson-edn612,Ericsson,SNMP,7.0.4,EDN612,C1,*,DSLAM
2019-04-05 13:27:10,ericsson-epn212,ericsson-epn212,Ericsson,SNMP,7.0.4,EPN212,C1,*,UNKNOWN
2019-04-05 13:27:09,ericsson-esn108,ericsson-esn108,Ericsson,SNMP,7.0.6,ESN108,C1,*,SWITCH
2019-04-05 13:27:08,ericsson-esn212,ericsson-esn212,Ericsson,SNMP,7.0.4,ESN212,C1,*,SWITCH
2019-04-05 13:27:07,ericsson-esn410,ericsson-esn410,Ericsson,SNMP,7.0.6,ESN410,C1,*,SWITCH
2019-04-05 13:27:06,ericsson-exn104,ericsson-exn104,Ericsson,SNMP,7.0.4,EXN104,C1,*,UNKNOWN
2019-04-05 13:27:05,ericsson-ggsn,ericsson-ggsn,Ericsson,SNMP,7.0.4,GGSN,B,*,ROUTER
2019-04-05 13:27:04,ericsson-se600,ericsson-se600,Ericsson,SNMP,7.0.5,SE600,B,*,ROUTER
2019-04-05 13:27:03,ericsson-se800,ericsson-se800,Ericsson,SNMP,7.0.5,SE800,B,*,ROUTER
2019-04-05 13:27:02,ericsson-sgsn,ericsson-sgsn,Ericsson,SNMP,7.0.4,SGSN,B,,AGENT
2019-04-05 13:27:01,extreme-blackdiamond-10808,extreme-blackdiamond-10808,"Extreme Networks, Inc.",SNMP,7.0.4,BlackDiamond 10808,B,*,SWITCH
2019-04-05 13:26:59,extreme-blackdiamond-12000,extreme-blackdiamond-12000,"Extreme Networks, Inc.",SNMP,7.0.4,BlackDiamond 12000,B,*,SWITCH
2019-04-05 13:26:58,extreme-blackdiamond-20800,extreme-blackdiamond-20800,"Extreme Networks, Inc.",SNMP,7.0.4,BlackDiamond 20800,B,*,SWITCH
2019-04-05 13:26:57,extreme-blackdiamond-8800,extreme-blackdiamond-8800,"Extreme Networks, Inc.",SNMP,7.0.4,BlackDiamond 8800,C1,*,SWITCH
2019-04-05 13:26:56,extreme-summit-x150,extreme-summit-x150,"Extreme Networks, Inc.",SNMP,7.0.4,Summit x150,C1,*,SWITCH
2019-04-05 13:26:55,extreme-summit-x200,extreme-summit-x200,"Extreme Networks, Inc.",SNMP,7.0.4,Summit x200,C1,*,SWITCH
2019-04-05 13:26:54,extreme-summit-x24,extreme-summit-x24,"Extreme Networks, Inc.",SNMP,7.0.4,Summit x24,C1,*,SWITCH
2019-04-05 13:26:53,extreme-summit-x250,extreme-summit-x250,"Extreme Networks, Inc.",SNMP,7.0.4,Summit x250,C1,*,SWITCH
2019-04-05 13:26:52,extreme-summit-x300,extreme-summit-x300,"Extreme Networks, Inc.",SNMP,7.0.4,Summit x300,C1,*,SWITCH
2019-04-05 13:26:51,extreme-summit-x350,extreme-summit-x350,"Extreme Networks, Inc.",SNMP,7.0.4,Summit x350,C1,*,SWITCH
2019-04-05 13:26:50,extreme-summit-x400,extreme-summit-x400,"Extreme Networks, Inc.",SNMP,7.0.4,Summit x400,C1,*,SWITCH
2019-04-05 13:26:49,extreme-summit-x430,extreme-summit-x430,"Extreme Networks, Inc.",SNMP,7.0.4,Summit x430,C1,*,SWITCH
2019-04-05 13:26:48,extreme-summit-x440,extreme-summit-x440,"Extreme Networks, Inc.",SNMP,7.0.4,Summit x440,C1,*,SWITCH
2019-04-05 13:26:47,extreme-summit-x450,extreme-summit-x450,"Extreme Networks, Inc.",SNMP,7.0.4,Summit x450,C1,*,SWITCH
2019-04-05 13:26:46,extreme-summit-x460,extreme-summit-x460,"Extreme Networks, Inc.",SNMP,7.0.4,Summit x460,C1,*,SWITCH
2019-04-05 13:26:45,extreme-summit-x480,extreme-summit-x480,"Extreme Networks, Inc.",SNMP,7.0.4,Summit x480,C1,*,SWITCH
2019-04-05 13:26:44,extreme-summit-x5,extreme-summit-x5,"Extreme Networks, Inc.",SNMP,7.0.4,Summit x5,C1,*,SWITCH
2019-04-05 13:26:43,extreme-summit-x670,extreme-summit-x670,"Extreme Networks, Inc.",SNMP,7.0.4,Summit x670,C1,*,SWITCH
2019-04-05 13:26:42,fieldserver-quickserver,fieldserver-quickserver,FieldServer,SNMP,7.0.4,Fieldserver-Quickserver,C1,.*,GATEWAY
2019-04-05 13:26:41,force10-s50v,force10-s50v,FORCE10,SNMP,7.0.4,force10-s50v,C1,S50V,SWITCH
2019-04-05 13:26:40,fortinet-fortigate,fortinet-fortigate,"FortiNet, Inc",SNMP,7.0.4,Fortinet Fortigate,B,*,FIREWALL
2019-04-05 13:26:39,foundry-bigiron-rx,foundry-bigiron-rx,Foundry Networks,SNMP,7.0.4,Foundry BigIron RX Series,B,*,SWITCH
2019-04-05 13:26:38,foundry-brocade-mlx,foundry-brocade-mlx,Foundry Networks,SNMP,7.0.5,Foundry Brocade MLX Series,B,*,ROUTER
2019-04-05 13:26:37,foundry-fastiron-edge-448,foundry-fastiron-edge-448,Foundry Networks,SNMP,7.0.4,Foundry FastIron Edge X Series,C1,*,SWITCH
2019-04-05 13:26:36,foundry-netiron-mlx-8,foundry-netiron-mlx-8,Foundry Networks,SNMP,7.0.4,Foundry NetIron MLX Series,B,*,ROUTER
2019-04-05 13:26:35,foundry-netiron-xmr,foundry-netiron-xmr,Foundry Networks,SNMP,7.0.5,Foundry NetIron XMR Series,B,*,ROUTER
2019-04-05 13:26:34,foundry-rx16,foundry-rx16,Foundry Networks,SNMP,7.0.4,Foundry BigIron RX Series,B,*,SWITCH
2019-04-05 13:26:33,foundry-rx4,foundry-rx4,Foundry Networks,SNMP,7.0.4,Foundry BigIron RX Series,B,*
2019-04-05 13:26:32,foundry-rx8,foundry-rx8,Foundry Networks,SNMP,7.0.4,Foundry BigIron RX Series,B,*,SWITCH
2019-04-05 13:26:31,fujitsu-flashwave-4300,fujitsu-flashwave-4300,Fujitsu,TL1,7.0.8,flashwave-4300,B,.*,ADM
2019-04-05 13:26:20,fujitsu-flashwave-5305,fujitsu-flashwave-5305,fujitsu,SNMP,7.0.4,FUJITSU-FLASHWAVE-5305,D,*,UNKNOWN
2019-04-05 13:26:19,fujitsu-flashwave-7120,fujitsu-flashwave-7120,Fujitsu,TL1,7.0.8,FLASHWAVE_7120,C,.*,DWDM
2019-04-05 13:26:18,fujitsu-flashwave-9500-coe,fujitsu-flashwave-9500-coe,Fujitsu COE,TL1,7.0.8,flashwave-9500-coe,B,.*,ONU
2019-04-05 13:26:17,fujitsu-flm-150,fujitsu-flm-150,Fujitsu,TL1,7.0.7,FLM,C,.*,ADM
2019-04-05 13:26:16,fujitsu-flm-2400,fujitsu-flm-2400,Fujitsu,TL1,7.0.7,FLM,B,.*,ADM
2019-04-05 13:26:15,fujitsu-flm-600,fujitsu-flm-600,Fujitsu,TL1,7.0.7,FLM600,B,.*,ADM
2019-04-05 13:26:14,genband-c20,genband-c20,Genband,SNMP,7.0.4,Genband C20,B,*,UNKNOWN
2019-04-05 13:26:13,genband-g6,genband-g6,Genband,SNMP,7.0.4,Genband G6,A,*,GATEWAY
2019-04-05 13:26:12,genband,genband,Genband,SNMP,7.0.4,Genband,B,*,UNKNOWN
2019-04-05 13:26:11,generic-docsis3.0-modem,generic-docsis3.0-modem,UNKNOWN,SNMP,7.0.4,Generic DOCSIS 3.0 Cable Modem,E,,CABLE_MODEM
2019-04-05 13:26:10,generic-docsis-modem,generic-docsis-modem,UNKNOWN,SNMP,7.0.4,Generic DOCSIS Cable Modem,E,,CABLE_MODEM
2019-04-05 13:26:09,harmonic-nsg-9000,harmonic-nsg-9000,Harmonic Inc,SNMP,7.0.4,NSG-9000,C1,*,UNKNOWN
2019-04-05 13:26:08,harmonic-promedia-2100,harmonic-promedia-2100,Harmonics,SNMP,7.0.4,Promedia,D,*,UNKNOWN
2019-04-05 13:26:07,harmonic-prostream,harmonic-prostream,Harmonic Inc,SNMP,7.0.4,Prostream,D,1000,VIDEO_PLATFORM
2019-04-05 13:26:06,harmonics-nmx,harmonics-nmx,Harmonic Inc,SNMP,7.0.4,NMX,EMS,.*,MANAGER
2019-04-05 13:26:05,hatteras-hn4000,hatteras-hn4000,"Hattera Networks,Inc",SNMP,7.0.4,Hatteras-HN4000,C,*,SWITCH
2019-04-05 13:26:04,hp-laserjet,hp-laserjet,Hewlett Packard,SNMP,7.0.4,HP-Laserjet-1536dnf-MFP,D,*,UNKNOWN
2019-04-05 13:26:03,hp-procurve-2512,hp-procurve-2512,Hewlett Packard,SNMP,7.0.4,HP-ProCurve-2512 Switch,C1,2512,SWITCH
2019-04-05 13:26:02,huawei-ma5600t,huawei-ma5600t,Huawei Technologies,SNMP,7.0.4,MA5600T,B,*,OLT
2019-04-05 13:26:01,huawei-ma5633,huawei-ma5633,huawei,SNMP,7.0.4,MA5633,B,*,CMTS
2019-04-05 13:25:59,huawei-ne40e,huawei-ne40e,Huawei,SNMP,7.0.4,ne40e,B,*,ROUTER
2019-04-05 13:25:58,huawei-optix-osn-3800,huawei-optix-osn-3800,Huawei,TL1,7.0.4,Optix OSN 3800,B,.*,MSPP
2019-04-05 13:25:57,huawei-optix-osn-6800,huawei-optix-osn-6800,Huawei,TL1,7.0.4,Optix OSN 6800,B,.*,MSPP
2019-04-05 13:25:56,ibm-as400,ibm-as400,IBM,SNMP,7.0.4,AS/400,B,*,SERVER
2019-04-05 13:25:55,incognito-bcc,incognito-bcc,INCOGNITO,SNMP,7.0.4,BCC,EMS,.*,UNKNOWN
2019-04-05 13:25:54,infinera-atn,infinera-atn,Infinera,SNMP,7.0.5,ATN,C,R2.0.2.0609,DWDM
2019-04-05 13:25:53,infinera-dtn,infinera-dtn,Infinera,TL1,7.0.11,DTN,B,R10.0,MUX
2019-04-05 13:25:52,infoblox-250a,infoblox-250a,"Infoblox, Inc.",SNMP,7.0.4,ib250a,C1,*,SERVER
2019-04-05 13:25:51,infoblox-ib1050a,infoblox-ib1050a,"Infoblox, Inc.",SNMP,7.0.4,"ib1050a,infloblox-1400,inflobox-1410",C1,*,SERVER
2019-04-05 13:25:50,ipasolink,ipasolink,NEC,SNMP,7.0.5,ipasolink,C1,*,MICROWAVE_RADIO
2019-04-05 13:25:49,ipitek-msp10g,ipitek-msp10g,IPiTEK,SNMP,7.0.4,IPiTEK MSP-10GE Ethernet Transporter,C1,*,SWITCH
2019-04-05 13:25:48,itl-mon-950,itl-mon-950,ITL,SNMP,7.0.4,International Tower Lighting MON-950,D,*,UNKNOWN
2019-04-05 13:25:47,jdsu-pathtrak-hcu200,jdsu-pathtrak-hcu200,JDSU,SNMP,7.0.4,Integrated ReturnPath Monitoring Module,C1,hcu200,SERVER
2019-04-05 13:25:46,juniper-acx5048,juniper-acx5048,Juniper,SNMP,7.0.5,"Juniper-ACX5048,Juniper-QFX5100,Juniper-QFX5200,Juniper-ACX2200",C1,*,ROUTER
2019-04-05 13:25:45,juniper-erx,juniper-erx,Juniper Networks,SNMP,7.0.5,ERX,B,*,ROUTER
2019-04-05 13:25:44,juniper-ex2200,juniper-ex2200,Juniper,SNMP,7.0.4,EX2200,C1,*,SWITCH
2019-04-05 13:25:43,juniper-ex3200,juniper-ex3200,Juniper Networks,SNMP,7.0.5,EX3200,C1,*,SWITCH
2019-04-05 13:25:42,juniper-ex4300,juniper-ex4300,"Juniper Networks, Inc",SNMP,7.0.4,Juniper EX4300 Switch,C1,*,SWITCH
2019-04-05 13:25:41,juniper-ex4500,juniper-ex4500,Juniper,SNMP,7.0.4,EX4500,C1,REV 00D,SWITCH
2019-04-05 13:25:40,juniper-j2350,juniper-j2350,Juniper Networks,SNMP,7.0.5,J2350,D,*,ROUTER
2019-04-05 13:25:39,juniper-m10i,juniper-m10i,Juniper Networks,SNMP,7.0.6,M10i,B,*,ROUTER
2019-04-05 13:25:38,juniper-m120,juniper-m120,Juniper Networks,SNMP,7.0.5,M120,B,*,ROUTER
2019-04-05 13:25:37,juniper-mx-104,juniper-mx-104,"Juniper Networks, Inc",SNMP,7.0.4,MX104 Ethernet Services Router,C,*,ROUTER
2019-04-05 13:25:36,juniper-mx-80-48T,juniper-mx-80-48T,"Juniper Networks, Inc",SNMP,7.0.4,MX80-48T Ethernet Services Router,C,*,ROUTER
2019-04-05 13:25:35,juniper-mx-960,juniper-mx-960,"Juniper Networks, Inc",SNMP,7.0.5,MX960 Ethernet Services Router,B,*,ROUTER
2019-04-05 13:25:34,juniper-netscreen-isg2000,juniper-netscreen-isg2000,Juniper Networks,SNMP,7.0.6,NetScreen-ISG 2000,C1,*,FIREWALL
2019-04-05 13:25:33,juniper-ptx3000,juniper-ptx3000,Juniper Networks,SNMP,7.0.5,PTX3000,B,*,ROUTER
2019-04-05 13:25:32,juniper-ptx5000,juniper-ptx5000,Juniper Networks,SNMP,7.0.5,PTX5000,B,*,SWITCH
2019-04-05 13:25:31,juniper-ptx9000,juniper-ptx9000,Juniper Networks,SNMP,7.0.5,PTX9000,B,*,SWITCH
2019-04-05 13:25:20,juniper-sa-2500,juniper-sa-2500,Juniper Networks,SNMP,7.0.4,SA-2500,D,*,VPN
2019-04-05 13:25:19,juniper-srx-1400,juniper-srx-1400,Juniper Networks,SNMP,7.0.4,SRX-1400,C1,*,GATEWAY
2019-04-05 13:25:18,juniper-srx-3600,juniper-srx-3600,Juniper Networks,SNMP,7.0.4,SRX-3600,C,*,GATEWAY
2019-04-05 13:25:17,juniper-srx-650,juniper-srx-650,Juniper Networks,SNMP,7.0.4,SRX-650,C1,*,GATEWAY
2019-04-05 13:25:16,juniper-ssg-550m,juniper-ssg-550m,Juniper Networks,SNMP,7.0.4,SSG-550M,D,,FIREWALL
2019-04-05 13:25:15,ktech-dvm-150e,ktech-dvm-150e,"KTech Telecommunications, Inc.",SNMP,7.0.4,DTV_RECEIVER,C1,DVM-150E,DTV_RECEIVER
2019-04-05 13:25:14,ktech-dvm-3300,ktech-dvm-3300,"KTech Telecommunications, Inc.",SNMP,7.0.4,DVM,C1,3300,UNKNOWN
2019-04-05 13:25:13,lenel,lenel,"Lenel Systems International, Inc",SNMP,7.0.4,Security System,EMS,*,UNKNOWN
2019-04-05 13:25:12,liebert-ups-300,liebert-ups-300,Liebert Corporation,SNMP,7.0.4,Liebert UPS 300,C,*,UPS
2019-04-05 13:25:11,liebert-ups,liebert-ups,Liebert Corporation,SNMP,7.0.4,Liebert UPS,C,*,UPS
2019-04-05 13:25:10,lineagepower-cps6000,lineagepower-cps6000,Lineage Power,SNMP,7.0.4,CPS 6000,C1,*,POWER_EQUIPMENT
2019-04-05 13:25:09,lineagepower-pulsaredge-841,lineagepower-pulsaredge-841,Lineage Power,SNMP,7.0.4,Galaxy Pulsar Edge,C1,*,POWER_EQUIPMENT
2019-04-05 13:25:08,lineagepowersystems-ne843,lineagepowersystems-ne843,"Lineage Power Systems,Inc.",SNMP,7.0.4,lineagepowersystems-ne843,C1,*,POWER_EQUIPMENT
2019-04-05 13:25:07,lms-1000,lms-1000,Emerson Network Power,SNMP,7.0.4,LMS-1000,C1,*,MANAGER
2019-04-05 13:25:06,lucent-metro-eon-1694,lucent-metro-eon-1694,Alcatel-Lucent,TL1,7.0.4,1694 EON,B,.*,DWDM
2019-04-05 13:25:05,lucent-stinger-fs,lucent-stinger-fs,Alcatel-Lucent,SNMP,7.0.5,Stinger FS,B,*,DSLAM
2019-04-05 13:25:04,lucent-stinger-mrt,lucent-stinger-mrt,Alcatel-Lucent,SNMP,7.0.4,Stinger MRT,B,*,DSLAM
2019-04-05 13:25:03,lucent-wavestar-10g,lucent-wavestar-10g,Alcatel-Lucent,TL1,7.0.7,WaveStar 10G,B,.*,MSPP
2019-04-05 13:25:02,lucent-wavestar-2.5g,lucent-wavestar-2.5g,Alcatel-Lucent,TL1,7.0.7,WaveStar 2.5G,B,.*,MSPP
2019-04-05 13:25:01,lucent-wavestar-ols,lucent-wavestar-ols,Alcatel-Lucent,TL1,7.0.4,WaveStar OLS,B,.*,MSPP
2019-04-05 13:24:59,marconiasx-1000,marconiasx-1000,Ericsson,SNMP,7.0.4,ASX-1000,B,*,SWITCH
2019-04-05 13:24:58,marconi-discs,marconi-discs,Marconi,TL1,7.0.4,DISC*S,B,.*,DLC
2019-04-05 13:24:57,meinberg-lantime,meinberg-lantime,MEINBERG,SNMP,7.0.4,Time server,C,*,SERVER
2019-04-05 13:24:56,meriton-3300,meriton-3300,Meriton Networks,TL1,7.0.4,3300 OSU,B,*,MSTP
2019-04-05 13:24:55,metaswitch-ems-D,metaswitch-ems-D,MetaSwitch,SNMP,7.0.4,MetaSwitch EMS,EMS,*,MANAGER
2019-04-05 13:24:54,metaswitch-ems,metaswitch-ems,MetaSwitch,SNMP,7.0.6,EMS,B,*,MANAGER
2019-04-05 13:24:53,mge-galaxy-ups,mge-galaxy-ups,APC,SNMP,7.0.4,MGE GALAXY 4000,B,*,UPS
2019-04-05 13:24:52,microsemi-ssu2000,microsemi-ssu2000,MICROSEMI,SNMP,7.0.4,SSU2000,C,.*,UNKNOWN
2019-04-05 13:24:51,mikrotik-1100,mikrotik-1100,Mikrotik,SNMP,7.0.4,Mikrotik-RB1100,C1,*,ROUTER
2019-04-05 13:24:50,minuteman-ups,minuteman-ups,Minuteman,SNMP,7.0.4,Ups,C1,*,UPS
2019-04-05 13:24:49,motorola-astria-cp-1216,motorola-astria-cp-1216,"Motorola, Inc",SNMP,7.0.4,Astria CP-1216,C,*,VIDEO_PROCESSOR
2019-04-05 13:24:48,motorola-astria-cp-406,motorola-astria-cp-406,"Motorola, Inc",SNMP,7.0.4,Astria CP-406,C,*,VIDEO_PROCESSOR
2019-04-05 13:24:47,motorola-dm6400,motorola-dm6400,Motorola,SNMP,7.0.4,Motorola DM 6400 CherryPicker,C1,*,VIDEO_PROCESSOR
2019-04-05 13:24:46,motorola-dsr,motorola-dsr,Motorola,SNMP,7.0.2,Motorola DSR series receivers,,,CMTS
2019-04-05 13:24:45,motorola-modem-sb5101ne,motorola-modem-sb5101ne,Motorola,SNMP,7.0.2,Motorola SB5101NE,,,CABLE_MODEM
2019-04-05 13:24:44,motorola-modem-sb5101n,motorola-modem-sb5101n,Motorola,SNMP,7.0.4,Motorola SB5101N,E,,CABLE_MODEM
2019-04-05 13:24:43,motorola-modem,motorola-modem,Motorola,SNMP,7.0.4,Motorola Modem,E,,CABLE_MODEM
2019-04-05 13:24:42,motorola-se5011,motorola-se5011,Motorola,SNMP,7.0.5,SE-5011,C1,*,UNKNOWN
2019-04-05 13:24:41,nec-nlite155,nec-nlite155,NEC,SNMP,7.0.4,NLite 155,C1,*,MICROWAVE_RADIO
2019-04-05 13:24:40,nec-nlite45,nec-nlite45,NEC,SNMP,7.0.4,NLite 45,C1,*,MICROWAVE_RADIO
2019-04-05 13:24:39,nec-nlite-e,nec-nlite-e,NEC,SNMP,7.0.4,NLite,C1,*,MICROWAVE_RADIO
2019-04-05 13:24:38,nec-nlite-n,nec-nlite-n,NEC,SNMP,7.0.4,NLite-N,C1,*,MICROWAVE_RADIO
2019-04-05 13:24:37,nec-nlite,nec-nlite,NEC,SNMP,7.0.4,NLite,C1,*,MICROWAVE_RADIO
2019-04-05 13:24:36,nera-etherlink-ver1.0,nera-etherlink-ver1.0,Nera Inc,SNMP,7.0.4,Etherlink-T,C1,*,MICROWAVE_RADIO
2019-04-05 13:24:35,nera-etherlink,nera-etherlink,Nera Inc,SNMP,7.0.4,Etherlink-T,C1,*,MICROWAVE_RADIO
2019-04-05 13:24:34,nera-evolution,nera-evolution,NERA,SNMP,7.0.4,NERA-Evolution,C1,*,MICROWAVE_RADIO
2019-04-05 13:24:33,netapp-f820,netapp-f820,NetApp,SNMP,7.0.4,NetApp F820 Filer,C1,*,SAN
2019-04-05 13:24:32,netapp-fas3020,netapp-fas3020,NetApp,SNMP,7.0.4,NetApp FAS3020 Clustered Filer,C1,*,SAN
2019-04-05 13:24:31,netguardian-216f,netguardian-216f,Netguardian,SNMP,7.0.8,"Netguardian 216F, 216 G3",C1,*,UNKNOWN
2019-04-05 13:24:20,netiron-cer,netiron-cer,Brocade,SNMP,7.0.5,netiron-cer,C1,*,ROUTER
2019-04-05 13:24:19,netiron-ces,netiron-ces,Brocade Communications Systems,SNMP,7.0.5,NetIron CES,C1,*,SWITCH
2019-04-05 13:24:18,netscreen-firewall,netscreen-firewall,Juniper Networks,SNMP,7.0.4,netscreen,C,*,FIREWALL
2019-04-05 13:24:17,nokia-siemens-7300,nokia-siemens-7300,Nokia Siemens Networks,TL1,7.0.4,*,B,*,DWDM
2019-04-05 13:24:16,norscan-cms-4200,norscan-cms-4200,"Norscan,Inc",SNMP,7.0.4,Norscan-cms-4200,C1,*,UNKNOWN
2019-04-05 13:24:15,nortel-5530,nortel-5530,Nortel Networks,SNMP,7.0.4,5530,C1,*,SWITCH
2019-04-05 13:24:14,nortel-accessnode,nortel-accessnode,Nortel,TL1,7.0.4,AccessNode,B,.*,MSPP
2019-04-05 13:24:13,nortel-cpl,nortel-cpl,NORTEL,TL1,7.0.6,Common Photonic Layer,B,*,DWDM
2019-04-05 13:24:12,nortel-ethernet-routing-switch-8600,nortel-ethernet-routing-switch-8600,Nortel,SNMP,7.0.4,Ethernet Routing Switch 8600,B,*,SWITCH
2019-04-05 13:24:11,nortel-mscarrier-mscpassport,nortel-mscarrier-mscpassport,Nortel Networks,SNMP,7.0.5,Nortel MsCcarrier-MscPassport,B,CH01B,MSSP
2019-04-05 13:24:10,nortel-om-3000-np,nortel-om-3000-np,NORTEL,TL1,7.0.7,.*Metro 3000.*,B,.*,MSPP
2019-04-05 13:24:09,nortel-om-3500,nortel-om-3500,NORTEL,TL1,7.0.7,.*Metro 3500.*,B,.*,MSPP
2019-04-05 13:24:08,nortel-om-5200,nortel-om-5200,NORTEL,TL1,7.0.7,Optical Metro.*,B,.*,MSTP
2019-04-05 13:24:07,nortel-ome-6110,nortel-ome-6110,NORTEL,TL1,7.0.7,.*Multiservice Edge 6110.*,C1,.*,MSTP
2019-04-05 13:24:06,nortel-ome-6130,nortel-ome-6130,NORTEL,TL1,7.0.7,.*Multiservice Edge 6130.*,C1,.*,MSTP
2019-04-05 13:24:05,nortel-ome-6500,nortel-ome-6500,NORTEL,TL1,7.0.9,Optical Multiservice Edge 6500.*,B,.*,MSTP
2019-04-05 13:24:04,nortel-opc,nortel-opc,Nortel,TL1,7.0.4,OPC,B,.*,AGENT
2019-04-05 13:24:03,nortel-optera-metro,nortel-optera-metro,Nortel,TL1,7.0.4,OPTera Metro,B,.*,MSPP
2019-04-05 13:24:02,nortel-sdmn-oc192,nortel-sdmn-oc192,Nortel,TL1,7.0.4,SDMN-OC192,B,.*,MSPP
2019-04-05 13:24:01,nortel-sdms-oc12,nortel-sdms-oc12,Nortel,TL1,7.0.4,SDMS-OC12,B,.*,MSPP
2019-04-05 13:23:59,nortel-sdms-oc3,nortel-sdms-oc3,Nortel,TL1,7.0.4,SDMS-OC3,B,.*,MSPP
2019-04-05 13:23:58,nortel-sdms-oc48,nortel-sdms-oc48,Nortel,TL1,7.0.4,SDMS-OC48,B,.*,MSPP
2019-04-05 13:23:57,ntest-fiberwatch,ntest-fiberwatch,NTEST,SNMP,7.0.4,Fiber Watch,C,*,UNKNOWN
2019-04-05 13:23:56,nuera,nuera,Nuera,SNMP,7.0.4,Nuera BTX 4K,C,*,GATEWAY
2019-04-05 13:23:55,occam-blc-6000,occam-blc-6000,Occam Networks,SNMP,7.0.6,Occam BLC,B,*,BLC
2019-04-05 13:23:54,occam-on2342,occam-on2342,Occam Networks,SNMP,7.0.4,ON2342,D,*,UNKNOWN
2019-04-05 13:23:53,occam-on2364,occam-on2364,Occam Networks,SNMP,7.0.4,ON2364,D,*,UNKNOWN
2019-04-05 13:23:52,occam-view,occam-view,Occam Networks,SNMP,7.0.4,Occamview,B,*,MANAGER
2019-04-05 13:23:51,omnitron-cwdm,omnitron-cwdm,Omnitron Systems,SNMP,7.0.4,omnitron-cwdm,C,*,MUX
2019-04-05 13:23:50,opterna-am-omni2000,opterna-am-omni2000,Opterna AM,SNMP,7.0.4,Omni2000,EMS,*,MANAGER
2019-04-05 13:23:49,optima-tele,optima-tele,"Optima Tele.com, Inc.",SNMP,7.0.4,Optima Tlan,C1,,SWITCH
2019-04-05 13:23:48,overture-isg-1400,overture-isg-1400,OVERTURE,SNMP,7.0.4,ISG-1400,C1,*,MSPP
2019-04-05 13:23:47,packeteer-packetshaper,packeteer-packetshaper,Packeteer,SNMP,7.0.8,PacketShaper,C,*,PACKETSHAPER
2019-04-05 13:23:46,paradyne-grandslam-4200-atm,paradyne-grandslam-4200-atm,Paradyne,SNMP,7.0.4,GranDSLAM 4200 ATM,B,*,DSLAM
2019-04-05 13:23:45,phoenix-contactagent,phoenix-contactagent,Phoenix Broadband,SNMP,7.0.4,ContactAgent,C1,*,AGENT
2019-04-05 13:23:44,phoenix-controller,phoenix-controller,Lineage Power,SNMP,7.0.4,phoenix-ii-controller,C1,*,RECTIFIER
2019-04-05 13:23:43,powerware,powerware,Eaton,SNMP,7.0.6,"Powerware 9390, 9355, 9170",C,*,UPS
2019-04-05 13:23:42,rad-0547,rad-0547,RAD data communications,SNMP,7.0.4,Rad-0547,C,*,MUX
2019-04-05 13:23:41,rad-203,rad-203,RAD data communications,SNMP,7.0.5,"Rad-203,Rad-220",D,*,DEMARCATION_DEVICE
2019-04-05 13:23:40,rgb-bnp-3xr,rgb-bnp-3xr,RGB Networks,SNMP,7.0.4,RGB Broadcast Network Processor,C1,3xr,VIDEO_PROCESSOR
2019-04-05 13:23:39,rxg-a4,rxg-a4,"RG Nets, Inc",SNMP,7.0.5,Revenue eXtraction Gateway,C,*,GATEWAY
2019-04-05 13:23:38,sageon-rectifier,sageon-rectifier,"C and D Technologies, Inc",SNMP,7.0.4,Sageon Rectifier,C1,*,RECTIFIER
2019-04-05 13:23:37,scte-hmstransponders,scte-hmstransponders,Electroline,SNMP,7.0.10,SCTE HMS Transponder,C,*,UNKNOWN
2019-04-05 13:23:36,segway-stp,segway-stp,Performance Technologies,SNMP,7.0.7,SEGway STP,B,*,SWITCH
2019-04-05 13:23:35,seldon-continuity-sps,seldon-continuity-sps,Seldon Systems,SNMP,7.0.4,Continuity SPS,EMS,*,MANAGER
2019-04-05 13:23:34,solarwinds-orion,solarwinds-orion,SolarWinds,SNMP,7.0.4,SolarWinds Orion,EMS,.*,MANAGER
2019-04-05 13:23:33,sonicwall-pro4100,sonicwall-pro4100,SonicWALL,SNMP,7.0.4,SonicWALL Pro 4100,D,*,FIREWALL
2019-04-05 13:23:32,sonicwall-tz-170,sonicwall-tz-170,SonicWALL,SNMP,7.0.4,SonicWALL TZ  170,D,*,FIREWALL
2019-04-05 13:23:31,sonus-gsx-9000,sonus-gsx-9000,Sonus Networks,SNMP,7.0.4,Sonus GSX9000,B,*,SWITCH
2019-04-05 13:23:20,ss8-ac20,ss8-ac20,"Centigram Communications, Corp",SNMP,7.0.4,SS8-AC20,C,*,UNKNOWN
2019-04-05 13:23:19,sun-bladecenter-6000,sun-bladecenter-6000,Oracle,SNMP,7.0.4,Blade,B,*,SERVER
2019-04-05 13:23:18,sun-ilom,sun-ilom,Oracle,SNMP,7.0.4,Sun ILOM,C1,*,MANAGER
2019-04-05 13:23:17,sun-sparc,sun-sparc,Oracle,SNMP,7.0.5,Sparc,C1,*,SERVER
2019-04-05 13:23:16,syes-pcm-150-uhf,syes-pcm-150-uhf,Syes,SNMP,7.0.11,syes-pcm-150-uhf,C1,*,UNKNOWN
2019-04-05 13:23:15,symmetricom-ssu-2000-snmp,symmetricom-ssu-2000-snmp,SYMMETRICOM,SNMP,7.0.4,SSU2000,C,.*,UNKNOWN
2019-04-05 13:23:14,symmetricom-ssu-2000,symmetricom-ssu-2000,Symmetricom,TL1,7.0.4,SSU2000,C,.*,SSU
2019-04-05 13:23:13,tandberg-iplex,tandberg-iplex,Tandberg Television,SNMP,7.0.4,iplex,B,,VIDEO_PROCESSOR
2019-04-05 13:23:12,taqua-t7000,taqua-t7000,Taqua,SNMP,7.0.4,T7000,B,*,SWITCH
2019-04-05 13:23:11,technicolor-modem,technicolor-modem,Technicolor,SNMP,7.0.4,Technicolor TC7200,E,,CABLE_MODEM
2019-04-05 13:23:10,technicolor-mta,technicolor-mta,Technicolor,SNMP,7.0.4,*,E,*,MTA
2019-04-05 13:23:09,telco-systems-edgelink100,telco-systems-edgelink100,"Telco Systems, Inc",TL1,7.0.6,EdgeLink100,B,.*,MUX
2019-04-05 13:23:08,telco-systems-t5c-xg,telco-systems-t5c-xg,Telco Systems,SNMP,7.0.4,T5C-XG,C1,*,SWITCH
2019-04-05 13:23:07,telco-systems-tmarc-250,telco-systems-tmarc-250,Telco Systems,SNMP,7.0.4,T-Marc 250,D,*,DEMARCATION_DEVICE
2019-04-05 13:23:06,telco-systems-tmarc-280,telco-systems-tmarc-280,Telco Systems,SNMP,7.0.4,T-Marc 280,D,*,DEMARCATION_DEVICE
2019-04-05 13:23:05,telco-systems-tmarc-300,telco-systems-tmarc-300,"Telco Systems, Inc.",SNMP,7.0.14,"T-Marc 300, T-Marc 340F, T-Marc 340WD, T-Marc 340WD-B",D,*,DEMARCATION_DEVICE
2019-04-05 13:23:04,tellabs-5500-ngx-s,tellabs-5500-ngx-s,Tellabs,TL1,7.0.6,5500-NGX-S,B,.*,SWITCH
2019-04-05 13:23:03,tellabs-5500,tellabs-5500,Tellabs,TL1,7.0.4,5500,B,.*,MSPP
2019-04-05 13:23:02,thomson-modem-tcw750-4,thomson-modem-tcw750-4,Thomson,SNMP,7.0.4,Thomon  TCW750-4,E,,CABLE_MODEM
2019-04-05 13:23:01,thomson-modem-tcw770,thomson-modem-tcw770,Thomson,SNMP,7.0.2,Thomson TCW770,,,CABLE_MODEM
2019-04-05 13:22:59,thomson-modem-tcw850-4,thomson-modem-tcw850-4,Thomson,SNMP,7.0.4,Thomon  TCW850-4,E,,CABLE_MODEM
2019-04-05 13:22:58,thomson-modem,thomson-modem,Thomson,SNMP,7.0.4,Thomson Modem,E,,CABLE_MODEM
2019-04-05 13:22:57,thomson-mta,thomson-mta,Thomson,SNMP,7.0.4,*,E,*,MTA
2019-04-05 13:22:56,transition-cpsmm,transition-cpsmm,Transition Networks,SNMP,7.0.4,MCC-16 MEDIA CONVERTER CHASSIS,C,060614R3,UNKNOWN
2019-04-05 13:22:55,transition-networks-ionmm,transition-networks-ionmm,transition-networks,SNMP,7.0.4,,C,*,UNKNOWN
2019-04-05 13:22:54,tripplite-ups,tripplite-ups,Tripp Lite,SNMP,7.0.4,UPS,C,*,UPS
2019-04-05 13:22:53,turin-trans-access,turin-trans-access,Turin Networks,TL1,7.0.6,TransAccess,C,.*,ADM
2019-04-05 13:22:52,turin-trans-nav,turin-trans-nav,Turin Networks,TL1,7.0.6,TransNav,C,.*,MANAGER
2019-04-05 13:22:51,turin-traverse-edge,turin-traverse-edge,Turin Networks,TL1,7.0.6,TraverseEdge,C,.*,ADM
2019-04-05 13:22:50,turin-traverse,turin-traverse,Turin Networks,TL1,7.0.6,Traverse,C,.*,MSPP
2019-04-05 13:22:49,vecima-edge-modulator-v1102,vecima-edge-modulator-v1102,Vecima Networks,SNMP,7.0.4,Edge-Modulator,C1,v1102,VIDEO_PROCESSOR
2019-04-05 13:22:48,verimatrix-server,verimatrix-server,Verimatrix,SNMP,7.0.4,verimatrix-server,C,*,SERVER
2019-04-05 13:22:47,wave-7-trident,wave-7-trident,"Wave7 Optics, Inc",SNMP,7.0.4,Trident,B,,OLT
2019-04-05 13:22:46,winlink-1000,winlink-1000,RADWIN,SNMP,7.0.4,UNKNOWN,C1,winlink-1000,UNKNOWN
2019-04-05 13:22:45,wnms-snmp,wnms-snmp,Nokia Siemens Networks,SNMP,7.0.4,TNMS-C,EMS,*,MANAGER
2019-04-05 13:22:44,wow-seldon-continuity-sps,wow-seldon-continuity-sps,Seldon Systems,SNMP,7.0.4,Continuity SPS,EMS,*,MANAGER
2019-04-05 13:22:43,wow-swarm,wow-swarm,WOW,SNMP,7.0.4,Zhone EMS,EMS,*,MANAGER
2019-04-05 13:22:42,xtera-nuwave-optima,xtera-nuwave-optima,Xtera Communications,TL1,7.0.5,NuWave Optima,EMS,.*,MANAGER
2019-04-05 13:22:41,zhone-malc,zhone-malc,Zhone Technologies,SNMP,7.0.8,Zhone Multiple Access Loop Concentrator - MALC,B,*,MSPP
2019-04-05 13:22:40,zhone-mgr,zhone-mgr,Zhone Technologies,SNMP,7.0.7,Zhone EMS,EMS,*,MANAGER
2019-04-05 13:22:39,zhone-mxk,zhone-mxk,Zhone Technologies,SNMP,7.0.7,Zhone-MXK,B,*,MSPP
2019-04-05 13:22:38,zhone-r100adls2pgige,zhone-r100adls2pgige,Zhone Technologies,SNMP,7.0.7,Zhone R100 ADSL2P GigE,C1,*,MSPP
2019-04-05 13:22:37,zhone-raptor-malc-ip,zhone-raptor-malc-ip,Zhone Technologies,SNMP,7.0.7,Zhone Raptor Multiple Access Loop Concentrator with IP termination- MALC,B,*,DSLAM
2019-04-05 13:22:36,zhone-raptor-malc,zhone-raptor-malc,Zhone Technologies,SNMP,7.0.7,Zhone Raptor Multiple Access Loop Concentrator MALC,B,*,DSLAM
2019-04-05 13:22:35,zhone-znid,zhone-znid,Zhone Technologies,SNMP,7.0.7,Znid,D,*,UNKNOWN
2019-04-05 13:22:34,zte-c300,zte-c300,ZTE,SNMP,7.0.4,ZXA10 C300,B,*,OLT
2019-04-05 13:22:33,zte-netnumen-m3,zte-netnumen-m3,ZTE Corporation Ltd,SNMP,7.0.4,NetNumen M3(ZXC10 BSSB),B,*,MANAGER
2019-04-04 15:28:08,alcatel-7360,alcatel-7360,Alcatel-Lucent,SNMP,7.0.32,7360 ISAM FX,B,R6.0,UNKNOWN
2019-04-04 15:27:12,quadro,quadro,Epygi Technologies,SNMP,7.0.2,IP_PBX,,*,IP_PBX
2019-04-01 16:17:23,snmp-discoverytree,snmp-discoverytree,,SNMP,6.0.217,,UNKNOWN
2019-03-20 15:59:08,dsctech-asn-controller,dsctech-asn-controller,DSCTECH Inc.,SNMP,7.0.2,ASN Controller,C1,*,UNKNOWN
2019-03-19 15:04:41,adtran-ta-5000-snmp,adtran-ta-5000-snmp,Adtran,SNMP,7.0.9,"TA 5000 18-Slot Shielded International Chassis,TA 5000 23-Inch ANSI Chassis,TA 5004 19-inch Chassis,TA 5006 19-Inch Chassis,TA 5006 Chassis,TA 5006 ETSI Chassis with SMIO3-International",B,E00.022,MSAP
2019-03-13 19:59:11,arris-e6000n,arris-e6000n,ARRIS,SNMP,7.0.8,E6000n,C1,CER_V07.00.00.0052,UNKNOWN
2019-03-12 20:39:19,virtuora,virtuora,Fujitsu,API,7.0.18,,C1,,
2019-02-27 18:59:46,nokia-ixr-7250,nokia-ixr-7250,NOKIA,SNMP,7.0.2,IXR 7250,C1,13.1.R4,ROUTER
2019-02-27 13:25:14,endrun-tempus-lx,endrun-tempus-lx,EndRun Technologies,SNMP,7.0.2,"Tempus LX CDMA, GPS",C1,5.50,UNKNOWN
2019-02-22 19:17:12,adtran-mx-2820-snmp,adtran-mx-2820-snmp,Adtran,SNMP,7.0.5,MX 2820,C1,E02,MUX
2019-02-22 19:17:12,huawei-u2000-snmp,huawei-u2000-snmp,Huawei Technologies,SNMP,7.0.11,Huawei U2000,,*,MANAGER
2019-02-22 19:17:12,valere-dc-power-bc2000,valere-dc-power-bc2000,Eltek Valere,SNMP,7.0.4,BC2000,C1,*,RECTIFIER
2019-02-19 14:28:37,bluecat-adonis,bluecat-adonis,BlueCat Adonis,SNMP,7.0.4,"XMB, 1750R, 1750RH, 1000, 750, 500 and 250",D,*,UNKNOWN
2019-02-18 17:42:54,cisco-asr9000,cisco-asr9000,"Cisco Systems, Inc",SNMP,7.0.30,"Cisco ASR 9000,Cisco ASR 9922, Cisco ASR 9900",B,*,ROUTER
2019-02-17 16:37:32,cisco-ncs2000,cisco-ncs2000,"Cisco Systems, Inc",SNMP,7.0.2,"NCS2002,NCS2006,NCS2015",C1,*,UNKNOWN
2019-02-15 18:46:30,ciena-6500-snmp,ciena-6500-snmp,Ciena,SNMP,7.0.4,Optical Multiservice Edge 6500,B,*,SWITCH
2019-02-15 18:46:01,fujitsu-flashwave-9500-r9,fujitsu-flashwave-9500-r9,Fujitsu,TL1,7.0.12,flashwave-9500,B,.*,ONU
2019-02-15 18:45:18,adtran-opti-6100-mx,adtran-opti-6100-mx,Adtran,SNMP,7.0.14,Opti-6100 MX,C,.*,UNKNOWN
2019-02-13 13:54:07,checkpoint-5k-6k-15k-23k,checkpoint-5k-6k-15k-23k,Check Point,SNMP,7.0.6,"5100,5200,5400,5600,5800,5900,6500,6800,15400,15600,23500,23800,23900",C1,R80.10,FIREWALL
2019-02-09 15:17:25,brocade-icx6000,brocade-icx6000,"Brocade Communications Systems, Inc",SNMP,7.0.3,"ICX 6430, ICX 6450, ICX 6610, ICX 6650",D,07.4.00bT311,SWITCH
2019-02-06 17:45:13,cisco-ncs5504,cisco-ncs5504,"Cisco Systems, Inc",SNMP,7.0.4,NCS5504,B,*,ROUTER
2019-02-06 17:44:39,cisco-ncs5501,cisco-ncs5501,"Cisco Systems, Inc",SNMP,7.0.7,NCS-5501-SE,C1,*,ROUTER
2019-02-05 19:01:50,ubiquiti-unifi-wap,ubiquiti-unifi-wap,UBIQUITI NETWORKS,SNMP,7.0.2,UniFi WAP Series,C,4.0.15.9872,ACCESS_POINT
2019-02-05 19:01:33,ubiquiti-unifi-switch,ubiquiti-unifi-switch,UBIQUITI NETWORKS,SNMP,7.0.2,UniFi Switch Series,C,3.9.54.9373,SWITCH
2019-02-05 19:01:07,adtran-mx4,adtran-mx4,Adtran,SNMP,7.0.2,"MX408e, MX410, MX412",C1,*
2019-02-05 19:01:42,ciena-6500,ciena-6500,Ciena,TL1,7.0.13,Optical Multiservice Edge 6500.*,B,.*,MSTP
2019-02-04 12:40:22,accedian-nid,accedian-nid,Accedian Networks,SNMP,7.0.9,"Accedian-NID,Accedian-AMN-1000-GT",D,1.1,DEMARCATION_DEVICE
2019-02-04 12:40:22,fujitsu-flashwave-4500-r11,fujitsu-flashwave-4500-r11,Fujitsu,TL1,7.0.9,Flashwave-4500,B,"4.1,4.2",MSPP
2019-02-04 12:40:22,vmware-vcenter-server,vmware-vcenter-server,"VMware, Inc.",SNMP,7.0.11,vmware-vcenter-server,C,*,SERVER
2019-02-04 12:40:22,verivue,verivue,Verivue,SNMP,7.0.9,"MDS108-AC-48-QTX,MDX9020,MSX200",C,*,UNKNOWN
2019-02-04 12:40:22,toshiba-ups,toshiba-ups,Toshiba,SNMP,7.0.13,Toshiba 1600EP 4200F,C,*,UPS
2019-02-04 12:40:22,tekelec-eagle-snmp,tekelec-eagle-snmp,Tekelec,SNMP,7.0.5,Eagle STP,B,*,SWITCH
2019-02-04 12:40:22,tekelec-eagle,tekelec-eagle,Tekelec,ASCII,7.0.6,Eagle STP,B,*,SWITCH
2019-02-04 12:40:22,tasman-6300,tasman-6300,Tasman Networks,SNMP,7.0.11,Tasman 6300,C,*,ROUTER
2019-02-04 12:40:22,symmetricom-timecreator-1000,symmetricom-timecreator-1000,SYMMETRICOM,SNMP,7.0.12,TIME CREATOR 1000,C,*,SERVER
2019-02-04 12:40:22,solaris-server,solaris-server,Oracle Corporation,SNMP,7.0.12,solaris-server,C,*,SERVER
2019-02-04 12:40:22,siemens-access,siemens-access,siemens,SNMP,7.0.6,siemens-access,C1,*,POWER_EQUIPMENT
2019-02-04 12:40:22,sencore-mrd,sencore-mrd,SENCORE,SNMP,7.0.11,"MRD 3187A, MRD 3187B, MRD 4400",C,*,UNKNOWN
2019-02-04 12:40:22,schneider-ion,schneider-ion,schneiderElectric,SNMP,7.0.11,schneider-ion,D,*,POWER_EQUIPMENT
2019-02-04 12:40:22,rad-rici,rad-rici,RAD data communications,SNMP,7.0.9,RAD-RICI,D,*,UNKNOWN
2019-02-04 12:40:22,rad-ipmux,rad-ipmux,RAD data communications,SNMP,7.0.9,"Rad-IPMUX 24-1,216-16",C,*,GATEWAY
2019-02-04 12:40:21,rad-etx,rad-etx,RAD data communications,SNMP,7.0.9,"RAD-ETX-201,102",D,*,DEMARCATION_DEVICE
2019-02-04 12:40:21,procera-packetlogic,procera-packetlogic,Procera Networks,SNMP,7.0.7,PacketLogic,C,*,UNKNOWN
2019-02-04 12:40:21,open-i-imci,open-i-imci,IMCI Technologies,SNMP,7.0.18,open-i-imci,C,*,MANAGER
2019-02-04 12:40:21,nuera-orca-btx-4k,nuera-orca-btx-4k,Nuera,SNMP,7.0.7,orca-btx-4k,C,*,GATEWAY
2019-02-04 12:40:21,nortel-cs2000,nortel-cs2000,Nortel Networks,SNMP,7.0.7,CS2000,B,*,IP_PBX
2019-02-04 12:40:21,netapp-ocum,netapp-ocum,NetApp,SNMP,7.0.17,NetApp-OCUM ,C,*,SAN
2019-02-04 12:40:21,mrv-os9xx,mrv-os9xx,MRV,SNMP,7.0.9,"MRV OS904, MRV OS912, MRV OS940, MRV OS9024",C1,*,UNKNOWN
2019-02-04 12:40:21,mrv-lx-4000,mrv-lx-4000,MRV,SNMP,7.0.12,LX 4000 series,D,*,SERVER
2019-02-04 12:40:21,motorola-sep,motorola-sep,Motorola,SNMP,7.0.10,Motorola-SEP,C,,UNKNOWN
2019-02-04 12:40:21,motorola-sem,motorola-sem,Motorola,SNMP,7.0.15,"SEM,SEM1000",C,*,UNKNOWN
2019-02-04 12:40:21,motorola-radd-6000,motorola-radd-6000,Motorola,SNMP,7.0.9,motorola-radd-6000,C,*,UNKNOWN
2019-02-04 12:40:21,motorola-om2000,motorola-om2000,Motorola,SNMP,7.0.9,motorola-om2000,C,*,UNKNOWN
2019-02-04 12:40:21,motorola-nc-1500,motorola-nc-1500,"Motorola, Inc",SNMP,7.0.7,Motorola NC-1500,C,*,SERVER
2019-02-04 12:40:21,motorola-mmc,motorola-mmc,Motorola,SNMP,7.0.5,,C,*,SERVER
2019-02-04 12:40:21,motorola-dsr-6000,motorola-dsr-6000,Motorola,SNMP,7.0.12,"Motorola DSR6401,Motorola DSR6000",C1,*,DTV_RECEIVER
2019-02-04 12:40:21,motorola-dsr-4400,motorola-dsr-4400,Motorola,SNMP,7.0.15,,C,*,DTV_RECEIVER
2019-02-04 12:40:21,motorola-bsr-64000,motorola-bsr-64000,Motorola,SNMP,7.0.14,Motorola BSR 64000,B,*,CMTS
2019-02-04 12:40:20,motorola-arpd,motorola-arpd,Motorola,SNMP,7.0.5,RPD1000,C,*,ADM
2019-02-04 12:40:20,motorola-apex,motorola-apex,"Motorola, Inc",SNMP,7.0.14,APEX,C,*,UNKNOWN
2019-02-04 12:40:20,moseley-nex-gen-x,moseley-nex-gen-x,Moseley,SNMP,7.0.7,Moseley nex-gen-x,C1,*,MICROWAVE_RADIO
2019-02-04 12:40:20,microsoft-windows,microsoft-windows,Microsoft Corporation,SNMP,7.0.7,Windows,C,*,SERVER
2019-02-04 12:40:20,metrobility-radiance-5k,metrobility-radiance-5k,Metrobility Optical Systems,SNMP,7.0.11,Metrobility Radiance R5000,C,,UNKNOWN
2019-02-04 12:40:20,linux-server,linux-server,Linux,SNMP,7.0.21,Linux Server,C,*,SERVER
2019-02-04 12:40:20,liebert-cr-bf,liebert-cr-bf,Liebert Corporation,SNMP,7.0.18,"Liebert CR BF, Liebert HVAC",C,*,UNKNOWN
2019-02-04 12:40:20,juniper-t640,juniper-t640,Juniper Networks,SNMP,7.0.19,juniper-t640,B,,ROUTER
2019-02-04 12:40:20,juniper-ssg,juniper-ssg,Juniper Networks,SNMP,7.0.11,"SSG-5,SSG-20",D,*,FIREWALL
2019-02-04 12:40:20,juniper-ssg-100,juniper-ssg-100,Juniper Networks,SNMP,7.0.10,SSG-100,D,*,FIREWALL
2019-02-04 12:40:20,juniper-srx,juniper-srx,Juniper Networks,SNMP,7.0.18,"SRX-100,SRX-220,SRX-550",D,*,GATEWAY
2019-02-04 12:40:20,juniper-srx-240,juniper-srx-240,Juniper Networks,SNMP,7.0.6,SRX 240,D,*,GATEWAY
2019-02-04 12:40:20,juniper-netscreen-5gt,juniper-netscreen-5gt,Juniper Networks,SNMP,7.0.7,NetScreen-5GT,C,*,FIREWALL
2019-02-04 12:40:20,juniper-mx-80-T,juniper-mx-80-T,"Juniper Networks, Inc",SNMP,7.0.20,MX-80 T,C,*,ROUTER
2019-02-04 12:40:20,juniper-mx-5,juniper-mx-5,"Juniper Networks, Inc",SNMP,7.0.19,MX5 Ethernet Services Router,C,*,ROUTER
2019-02-04 12:40:19,juniper-mx-480,juniper-mx-480,"Juniper Networks, Inc",SNMP,7.0.17,MX480 Ethernet Services Router,B,*,ROUTER
2019-02-04 12:40:19,juniper-mx-240,juniper-mx-240,"Juniper Networks, Inc",SNMP,7.0.17,MX240 Ethernet Services Router,C,*,ROUTER
2019-02-04 12:40:19,juniper-j4350,juniper-j4350,Juniper,SNMP,7.0.13,Juniper-J4350,C,*,ROUTER
2019-02-04 12:40:19,juniper-ex4200,juniper-ex4200,"Juniper Networks, Inc",SNMP,7.0.17,Juniper EX4200 Switch,C,*,SWITCH
2019-02-04 12:40:19,jdsu-rsam,jdsu-rsam,jdsu,SNMP,7.0.13,jdsu-rsam,C,*,UNKNOWN
2019-02-04 12:40:19,ineoquest,ineoquest,"IneoQuest Technologies, Inc",SNMP,7.0.19,iVMS,C,*,MANAGER
2019-02-04 12:40:19,ineoquest-cricket,ineoquest-cricket,"IneoQuest Technologies, Inc",SNMP,7.0.7,ineoquest-cricket,D,,VIDEO_PLATFORM
2019-02-04 12:40:19,ibm-system-x3550,ibm-system-x3550,IBM,SNMP,7.0.9,ibm system x3550,C,*,MANAGER
2019-02-04 12:40:19,hpux,hpux,HP,SNMP,7.0.13,,C1,*,UNKNOWN
2019-02-04 12:40:19,harmonic-proview-7110,harmonic-proview-7110,Harmonic Inc,SNMP,7.0.14,proview-7110,D,*,VIDEO_PLATFORM
2019-02-04 12:40:19,harmonic-prostream1000,harmonic-prostream1000,Harmonic Inc,SNMP,7.0.7,Prostream,D,1000,VIDEO_PLATFORM
2019-02-04 12:40:19,harmonic-electra-8200,harmonic-electra-8200,Harmonic Inc,SNMP,7.0.11,Electra 8240,D,*,UNKNOWN
2019-02-04 12:40:19,harmonic-cp9000,harmonic-cp9000,Harmonic Inc.,SNMP,7.0.8,Harmonic Vibe CP 9000,C1,*,UNKNOWN
2019-02-04 12:40:19,gigamon-gigavue,gigamon-gigavue,Gigamon,SNMP,7.0.13,"GigaVUE-212, GigaVUE-420, GigaVUE-2404, GigaVUE-HD, GigaVUE-TA1",C,*,UNKNOWN
2019-02-04 12:40:19,genband-g9,genband-g9,Genband,SNMP,7.0.5,Genband G9,B,*,GATEWAY
2019-02-04 12:40:18,ge-ml,ge-ml,General Electric,SNMP,7.0.5,"GE-ML1600,GE-ML2400",D,,SWITCH
2019-02-04 12:40:18,fujitsu-flashwave-cds,fujitsu-flashwave-cds,Fujitsu,TL1,7.0.13,flashwave-cds,C,.*,ONU
2019-02-04 12:40:18,fujitsu-flashwave-7500,fujitsu-flashwave-7500,Fujitsu,TL1,7.0.8,flashwave-7500,C,.*,MSPP
2019-02-04 12:40:18,fujitsu-flashwave-4100,fujitsu-flashwave-4100,Fujitsu,TL1,7.0.11,flashwave-4100,C,.*,MSPP
2019-02-04 12:40:18,fujitsu-flashwave-4100es,fujitsu-flashwave-4100es,Fujitsu,TL1,7.0.5,flashwave-4100es,C,.*,MSPP
2019-02-04 12:40:18,fujitsu-flashwave-4010,fujitsu-flashwave-4010,Fujitsu,TL1,7.0.9,flashwave-4100,C1,.*,UNKNOWN
2019-02-04 12:40:17,f5-big-ip,f5-big-ip,F5,SNMP,7.0.10,BIG IP IP Load Balancer/Failover Manager,C,,LOAD_BALANCER
2019-02-04 12:40:17,extreme-summit-x48,extreme-summit-x48,"Extreme Networks, Inc.",SNMP,7.0.20,Summit x48,C,*,SWITCH
2019-02-04 12:40:17,evertz-7000,evertz-7000,Evertz,SNMP,7.0.17,"evertz 7700,7800,7867",C,*,UNKNOWN
2019-02-04 12:40:17,emerson-netsure,emerson-netsure,EMERSON,SNMP,7.0.16,Netsure,C,,POWER_EQUIPMENT
2019-02-04 12:40:17,eltek,eltek,Eltek,SNMP,7.0.12,,C,*,POWER_EQUIPMENT
2019-02-04 12:40:17,edgewater-edgemarc,edgewater-edgemarc,Edgewater Networks,SNMP,7.0.10,EdgeMarc,C1,*,UNKNOWN
2019-02-04 12:40:17,eaton-power-xpert,eaton-power-xpert,Eaton Corporation,SNMP,7.0.17,"Eaton 9155, 9315,9390IT, 9395, BladeUPS",D,*,UPS
2019-02-04 12:40:17,eaton-powerware,eaton-powerware,Eaton,SNMP,7.0.13,"Powerware 9390,9355,9170",C,*,UPS
2019-02-04 12:40:17,dragonwave-horizon-compact,dragonwave-horizon-compact,Dragonwave,SNMP,7.0.11,Horizon Compact,C,*,MICROWAVE_RADIO
2019-02-04 12:40:17,dragonwave-hemc,dragonwave-hemc,Dragonwave,SNMP,7.0.7,Dragonwave HEMC,C1,*,MICROWAVE_RADIO
2019-02-04 12:40:17,docs3.0-cisco-ubr-10012,docs3.0-cisco-ubr-10012,"Cisco Systems, Inc",SNMP,7.0.21,Cisco UBR 10012,B,10012,CMTS
2019-02-04 12:40:16,dell-isilon,dell-isilon,Dell,SNMP,7.0.9,dell-isilon,C,*,UNKNOWN
2019-02-04 12:40:16,cordex-cx,cordex-cx,Alpha,SNMP,7.0.9,"Cordex-CXPS,CXRF",D,,RECTIFIER
2019-02-04 12:40:16,compass,compass,Kratos,SNMP,7.0.4,Compass,C,*,UNKNOWN
2019-02-04 12:40:16,cisco-vg224,cisco-vg224,"Cisco Systems, Inc.",SNMP,7.0.8,Cisco VG224,D,*,GATEWAY
2019-02-04 12:40:16,cisco-sf300,cisco-sf300,"Cisco Systems, Inc",SNMP,7.0.13,Cisco SF300 Switch,D,*,SWITCH
2019-02-04 12:40:16,cisco-rfgw,cisco-rfgw,"Cisco Systems,Inc",SNMP,7.0.18,"rfgw-1,rfgw-10",C,*,GATEWAY
2019-02-04 12:40:16,cisco-prime-infrastructure,cisco-prime-infrastructure,"Cisco Systems, Inc",SNMP,7.0.13,cisco prime infrastructure,EMS,*,UNKNOWN
2019-02-04 12:40:16,cisco-pixfirewall,cisco-pixfirewall,"Cisco Systems, Inc",SNMP,7.0.13,Cisco PIXfirewall,D,*,FIREWALL
2019-02-04 12:40:16,cisco-ons15454-snmp,cisco-ons15454-snmp,"Cisco Systems, Inc",SNMP,7.0.13,ONS15454-M6,B,*,MSTP
2019-02-04 12:40:16,cisco-nexus-7000,cisco-nexus-7000,"Cisco Systems, Inc",SNMP,7.0.10,Cisco-nexus-7000,B,*,SWITCH
2019-02-04 12:40:16,cisco-nexus-5000,cisco-nexus-5000,"Cisco Systems, Inc",SNMP,7.0.33,,C,*,SWITCH
2019-02-04 12:40:16,cisco-nexus-3500,cisco-nexus-3500,"Cisco Systems, Inc",SNMP,7.0.10,Cisco Nexus 3500,D,*,SWITCH
2019-02-04 12:40:16,cisco-nexus3000,cisco-nexus3000,"Cisco Systems, Inc",SNMP,7.0.23,,D,*,SWITCH
2019-02-04 12:40:15,cisco-meraki,cisco-meraki,"Cisco Systems, Inc",SNMP,7.0.7,cisco-meraki,C,,MANAGER
2019-02-04 12:40:15,cisco-me-6500,cisco-me-6500,"Cisco Systems, Inc",SNMP,7.0.9,Cisco ME 6500,D,*,SWITCH
2019-02-04 12:40:15,cisco-me-3600,cisco-me-3600,"Cisco Systems, Inc",SNMP,7.0.21,Cisco ME 3600,C,*,SWITCH
2019-02-04 12:40:15,cisco-me-3400,cisco-me-3400,"Cisco Systems, Inc",SNMP,7.0.18,Cisco ME 3400,C,*,SWITCH
2019-02-04 12:40:15,cisco-ie-4000,cisco-ie-4000,"Cisco Systems, Inc",SNMP,7.0.7,Cisco-ie-4000,D,*,SWITCH
2019-02-04 12:40:15,cisco-ibm-module,cisco-ibm-module,"Cisco Systems, Inc",SNMP,7.0.11,Cisco Switch 3012 for the IBM BladeCenter,D,*,SWITCH
2019-02-04 12:40:15,cisco-dcm-9900,cisco-dcm-9900,"Cisco Systems, Inc",SNMP,7.0.9,Cisco DCM 9900 Video Processor,C,*,VIDEO_PROCESSOR
2019-02-04 12:40:15,cisco-d9850,cisco-d9850,Cisco,SNMP,7.0.7,Cisco-d9850,C,*,UNKNOWN
2019-02-04 12:40:15,cisco-d9800,cisco-d9800,Cisco,SNMP,7.0.8,Cisco-d9800,C,*,UNKNOWN
2019-02-04 12:40:15,cisco-d9000,cisco-d9000,Cisco,SNMP,7.0.11,"Cisco-d9032,Cicso-d9036",D,.*,UNKNOWN
2019-02-04 12:40:15,cisco-csr1000v,cisco-csr1000v,"Cisco Systems, Inc",SNMP,7.0.12,Cisco CSR 1000v,C1,*,ROUTER
2019-02-04 12:40:15,cisco-crs,cisco-crs,"Cisco Systems, Inc",SNMP,7.0.18,"Cisco-CRS-1,Cisco-CRS-8,Cisco-CRS-16s",B,*,ROUTER
2019-02-04 12:40:15,cisco-asr901,cisco-asr901,"Cisco Systems, Inc",SNMP,7.0.18,Cisco ASR 901 Series Aggregation Services Router,C,*,ROUTER
2019-02-04 12:40:15,cisco-asr5000,cisco-asr5000,"Cisco Systems, Inc",SNMP,7.0.25,"Cisco-ASR-5500, Cisco-ASR-5000",B,*,GATEWAY
2019-02-04 12:40:15,cisco-asasm,cisco-asasm,"Cisco Systems, Inc",SNMP,7.0.22,Cisco Adaptive Security Appliance (ASA),D,*,FIREWALL
2019-02-04 12:40:14,cisco-asa-5520,cisco-asa-5520,"Cisco Systems, Inc",SNMP,7.0.13,Cisco ASA 5520,D,*,FIREWALL
2019-02-04 12:40:14,cisco-acs-1121,cisco-acs-1121,"Cisco Systems, Inc",SNMP,7.0.15,cisco-acs-1121,D,*,UNKNOWN
2019-02-04 12:40:14,cisco-ace-4710,cisco-ace-4710,"Cisco Systems, Inc",SNMP,7.0.12,cisco-ace-4710,C1,*,LOAD_BALANCER
2019-02-04 12:40:14,cisco-9500,cisco-9500,"Cisco Systems, Inc",SNMP,7.0.12,Cisco Catalyst 9500 Series,C1,*,SWITCH
2019-02-04 12:40:14,cisco-9300,cisco-9300,"Cisco Systems, Inc",SNMP,7.0.14,Cisco Catalyst 9300 Series,D,*,SWITCH
2019-02-04 12:40:14,cisco-881,cisco-881,"Cisco Systems, Inc",SNMP,7.0.10,cisco-881,D,*,ROUTER
2019-02-04 12:40:14,cisco-800,cisco-800,"Cisco Systems, Inc",SNMP,7.0.7,"cisco 801,802,803,804,805",D,*,ROUTER
2019-02-04 12:40:14,cisco-7600,cisco-7600,"Cisco Systems, Inc",SNMP,7.0.17,"Cisco-7603,7606,7609,7606s",C,*,ROUTER
2019-02-04 12:40:14,cisco-7300,cisco-7300,"Cisco, Inc",SNMP,7.0.8,"Cisco-7301 Router,Cisco-7304 Router",C,*,ROUTER
2019-02-04 12:40:14,cisco-7200,cisco-7200,"Cisco Systems, Inc",SNMP,7.0.11,"cisco-7201,cisco7204VXR,cisco7206VXR",C,*,ROUTER
2019-02-04 12:40:14,cisco-6500,cisco-6500,"Cisco Systems, Inc",SNMP,7.0.17,"Cisco-6506,6509",B,*,SWITCH
2019-02-04 12:40:14,cisco-5500-wireless,cisco-5500-wireless,"Cisco Systems, Inc",SNMP,7.0.15,Cisco AIR-CT5508-500-K9,D,*,UNKNOWN
2019-02-04 12:40:14,cisco-4900,cisco-4900,"Cisco Systems, Inc",SNMP,7.0.17,Cisco 4900 Switch,D,*,SWITCH
2019-02-04 12:40:14,cisco-4500,cisco-4500,"Cisco Systems, Inc",SNMP,7.0.18,"Cisco 4507,Cisco 4510",B,*,SWITCH
2019-02-04 12:40:14,cisco-3900,cisco-3900,"Cisco Systems, Inc",SNMP,7.0.9,"Cisco 3925, Cisco 3900 Integrated Services Routers",C,*,ROUTER
2019-02-04 12:40:14,cisco-3800,cisco-3800,"Cisco Systems, Inc",SNMP,7.0.18,Cisco 3800 Integrated Service Router,D,*,ROUTER
2019-02-04 12:40:13,cisco-3750,cisco-3750,"Cisco Systems, Inc",SNMP,7.0.17,Cisco 3750 Switch,D,*,SWITCH
2019-02-04 12:40:13,cisco-3650,cisco-3650,"Cisco Systems, Inc",SNMP,7.0.10,Cisco Catalyst 3650 Switch,C,*,SWITCH
2019-02-04 12:40:13,cisco-3550,cisco-3550,"Cisco Systems, Inc",SNMP,7.0.10,Cisco 3550 Switch,D,*,SWITCH
2019-02-04 12:40:13,cisco-3500,cisco-3500,"Cisco Systems, Inc",SNMP,7.0.19,Cisco 3500 Switch,D,*,SWITCH
2019-02-04 12:40:13,cisco-2900,cisco-2900,"Cisco Systems, Inc",SNMP,7.0.16,Cisco 2900 Switch,D,*,SWITCH
2019-02-04 12:40:13,cisco-2800,cisco-2800,"Cisco Systems, Inc",SNMP,7.0.10,Cisco 2800 Integrated Service Router,D,*,ROUTER
2019-02-04 12:40:13,cisco-2600,cisco-2600,"Cisco Systems, Inc",SNMP,7.0.12,"Cisco 2600,2610,2611,2620,2621,2651,2611xm,2621xm",D,*,ROUTER
2019-02-04 12:40:13,cisco-2500,cisco-2500,"Cisco Systems, Inc",SNMP,7.0.17,"Cisco 2500 Router, Cisco-2511",D,*,ROUTER
2019-02-04 12:40:13,cisco-12410,cisco-12410,"Cisco Systems, Inc",SNMP,7.0.15,Cisco 12410,B,*,ROUTER
2019-02-04 12:40:13,ceragon-ip-20,ceragon-ip-20,CERAGON,SNMP,7.0.8,CERAGON IP-20,C,*,SWITCH
2019-02-04 12:40:13,brocade-san-switch,brocade-san-switch,Brocade,SNMP,7.0.11,brocade-san-switch,C,*,SWITCH
2019-02-04 12:40:13,broadsoft-broadworks,broadsoft-broadworks,SUN,SNMP,7.0.9,broadsoft-broadworks,EMS,*,MANAGER
2019-02-04 12:40:13,benu-meg,benu-meg,Benu Networks,SNMP,7.0.9,Benu-MEG,C1,*,GATEWAY
2019-02-04 12:40:13,benning,benning,Benning,SNMP,7.0.6,,D,*,UNKNOWN
2019-02-04 12:40:13,axino,axino,Miranda Technologies,SNMP,7.0.10,Axino,D,*,UNKNOWN
2019-02-04 12:40:13,avaya-sr-1000,avaya-sr-1000,Nortel Networks,SNMP,7.0.16,avaya-sr-1000,D,*,ROUTER
2019-02-04 12:40:13,asco-7000,asco-7000,Vertivco,SNMP,7.0.16,asco-7000,C,*,SWITCH
2019-02-04 12:40:12,asco-5210,asco-5210,ASCO Power Technologies,SNMP,7.0.10,asco-5210,D,*,UNKNOWN
2019-02-04 12:40:12,arris-egt-encoder,arris-egt-encoder,ARRIS,SNMP,7.0.12,Arris EGT Quartet Encoder,D,.*,VIDEO_PROCESSOR
2019-02-04 12:40:12,arris-e6000,arris-e6000,ARRIS,SNMP,7.0.37,ARRIS E6000 CMTS,B,*,CMTS
2019-02-04 12:40:12,arris-d5,arris-d5,ARRIS,SNMP,7.0.18,ARRIS D5 Universal EdgeQam,C,*,UNKNOWN
2019-02-04 12:40:12,arris-bnc,arris-bnc,Arris,SNMP,7.0.8,arris-bnc,C,*,UNKNOWN
2019-02-04 12:40:12,arista-7060,arista-7060,Arista,SNMP,7.0.14,Arista-7060,C,*,SWITCH
2019-02-04 12:40:12,argus-cxc-controller,argus-cxc-controller,Argus Technologies,SNMP,7.0.11,CXC Controller,C,*,RECTIFIER
2019-02-04 12:40:12,arbornet-peakflow,arbornet-peakflow,Arbor Networks,SNMP,7.0.10,Peakflow,C1,*,UNKNOWN
2019-02-04 12:40:12,apc-smart-ups,apc-smart-ups,apc,SNMP,7.0.11,smart-ups,D,*,UPS
2019-02-04 12:40:12,alcatel-mdr-8000,alcatel-mdr-8000,Alcatel-Lucent,SNMP,7.0.12,MDR-8000,B,8000,MICROWAVE_RADIO
2019-02-04 12:40:12,alcatel-7950,alcatel-7950,Alcatel,SNMP,7.0.25,Service Router,B,7950,ROUTER
2019-02-04 12:40:12,alcatel-7750,alcatel-7750,Alcatel,SNMP,7.0.32,"Service Router,Alcatel-Lucent 7750 Service Router Series",B,7750,ROUTER
2019-02-04 12:40:12,alcatel-7450,alcatel-7450,Alcatel,SNMP,7.0.31,Switch,B,7450,SWITCH
2019-02-04 12:40:12,alcatel-7342,alcatel-7342,Alcatel,SNMP,7.0.17,Alcatel-7342,B,,OLT
2019-02-04 12:40:12,alcatel-7210,alcatel-7210,Alcatel,SNMP,7.0.32,"Alcatel 7210 SAS-E,Alcatel 7210 SAS-M,Alcatel 7210 SAS-K,Alcatel 7210 SAS-T",C,7210,SWITCH
2019-02-04 12:40:11,alcatel-6400,alcatel-6400,Alcatel,SNMP,7.0.24,OmniSwitch,C,6400,SWITCH
2019-02-04 12:40:11,alcatel-1830-pss-snmp,alcatel-1830-pss-snmp,Alcatel-Lucent,SNMP,7.0.23,1830 PSS,B,,DWDM
2019-02-04 12:40:11,alcatel-1830-pss,alcatel-1830-pss,Alcatel-Lucent,TL1,7.0.13,1830 PSS,B,.*,ADM
2019-02-04 12:40:11,adtran-ta-4303,adtran-ta-4303,Adtran,SNMP,7.0.10,adtran-ta-4303,C,*,UNKNOWN
2019-02-04 12:40:11,acmepacket-net-net-6000,acmepacket-net-net-6000,Acme Packet,SNMP,7.0.5,Acme Packet Net-Net 6000 Series,C,6000,SBC
2019-02-04 12:40:11,acmepacket-net-net-4000,acmepacket-net-net-4000,Acme Packet,SNMP,7.0.7,Acme Packet Net-Net 4000 Series,C,*,SBC
2019-02-04 12:40:11,aastra-videorunner,aastra-videorunner,Aastra Technologies,SNMP,7.0.10,"aastra-videorunner-300, aastra-videorunner-1700",C,*,UNKNOWN
2019-02-04 12:40:11,1finity-t30-10gig-muxponder,1finity-t30-10gig-muxponder,Fujitsu,SNMP,7.0.12,t30-10gig-muxponder,C,*,UNKNOWN
2019-02-04 12:40:11,1finity-l100-blade,1finity-l100-blade,Fujitsu,SNMP,7.0.14,1finity-l100-blade,C,,UNKNOWN
2019-01-30 12:47:44,brocade-vdx6700,brocade-vdx6700,Brocade,SNMP,7.0.4,"VDX 6710, VDX 6720, VDX 6730",C,3.0.1a,SWITCH
2019-01-29 13:42:23,scte-hms-ups,scte-hms-ups,SCTE,SNMP,7.0.28,HMS DOCSIS Transponder,,*,POWER_EQUIPMENT
2019-01-29 13:42:20,generic-snmp,generic-snmp,UNKNOWN,SNMP,7.0.7,Generic SNMP,,.*,UNKNOWN
2019-01-29 13:42:20,f5,f5,F5,SNMP,7.0.24,BIG IP Load Balancer/Failover Manager,,*,LOAD_BALANCER
2019-01-29 13:42:19,empirix,empirix,Empirix,SNMP,7.0.7,Empirix-hammer,,*,UNKNOWN
2019-01-29 13:42:19,electroline-ecmm,electroline-ecmm,Electroline,SNMP,7.0.34,Electroline ECMM-02,,1.58,CABLE_MODEM
2019-01-29 13:42:16,cisco-asr1000,cisco-asr1000,"Cisco Systems, Inc",SNMP,7.0.18,Cisco ASR1000,D,*,ROUTER
2019-01-29 13:42:16,cisco-asa-5500,cisco-asa-5500,"Cisco Systems, Inc",SNMP,7.0.12,"cisco asa 5500,cisco-asa-5505,cisco-asa-5510,cisco-asa-5520,cisco-asa-5550,cisco-asa-5585x",,*,FIREWALL
2019-01-29 13:42:13,alpha-ups,alpha-ups,Alpha Technologies,SNMP,7.0.35,"ALPHA/XM2 MODEL DSM3,ALPHA/XM2-300 MODELS-(DPM,DSM3,DM3),ALPHA/XM3-915-HP MODELS-(DSM3,DMX3,DSMX3),ALPHA MODEL DSM3,ALPHA XM 1601,ALPHA XMS2 PS(EDSM)-(1600,1651)",,DSM33X-5.7.1mp1_02.12_02.11-NA,UPS
2019-01-29 13:42:13,alpha-system-controller,alpha-system-controller,Alpha Technologies,SNMP,7.0.15,alpha-system-controller,,*,UNKNOWN
2019-01-25 19:11:18,genband-sbc,genband-sbc,Genband,SNMP,7.0.2,Genband Session Border Controller (SBC),SBC
2019-01-25 19:11:18,dps-netguardian-g4-g5,dps-netguardian-g4-g5,DPS Telecom,SNMP,7.0.2,Netguardian 216F, 216 G3,UNKNOWN
2019-01-25 19:11:18,inca-4420,inca-4420,Inca Networks,SNMP,7.0.4,Modular Series 4400/Modular Series 4410/Modular Series 4420/Modular Series 4430/Encoder 3420,VIDEO_PROCESSOR
2019-01-25 19:11:18,cisco-asr920,cisco-asr920,"Cisco Systems, Inc",SNMP,7.0.10,ASR 920,ROUTER
2019-01-25 19:11:18,fujitsu-frx,fujitsu-frx,FUJITSU,SNMP,7.0.9,FRX-3E,UNKNOWN
2019-01-25 19:11:18,adva-fsp-r7-snmp,adva-fsp-r7-snmp,ADVA,SNMP,7.0.12,FSP3000 R7,DWDM
2019-01-25 19:11:18,nortel-cs-1500,nortel-cs-1500,Nortel,ASCII,7.0.6,CS 1500,SWITCH
2019-01-25 19:11:18,nagios-pm,nagios-pm,UNKNOWN,NONE,7.0.44,,
2019-01-25 19:11:18,fujitsu-flexihaul,fujitsu-flexihaul,Fujitsu,SNMP,7.0.6,"Fujitsu Flexihaul 8100,8300,8500",UNKNOWN
2019-01-25 19:11:18,cisco-xtc-dummy,cisco-xtc-dummy,"Cisco Systems, Inc",SNMP,7.0.2,Cisco-xtc-dummy,ROUTER
2019-01-25 19:11:18,cisco-xtc,cisco-xtc,"Cisco Systems, Inc",SNMP,7.0.2,Cisco-xtc,ROUTER
2019-01-25 19:11:18,ubiquiti,ubiquiti,UBIQUITI NETWORKS,SNMP,7.0.2,UniFi
2019-01-25 19:11:18,harmonic-encoder,harmonic-encoder,Harmonic Inc,SNMP,7.0.3,harmonic-encoder,UNKNOWN
2019-01-25 19:11:18,dps-ng832a,dps-ng832a,DPS Telecom,SNMP,7.0.7,DPS Telecom NetGuardian 832A,UNKNOWN
2019-01-25 19:11:18,cisco-nexus-9000,cisco-nexus-9000,"Cisco Systems, Inc",SNMP,7.0.24,cisco-nexus-9000,SWITCH
2019-01-25 19:11:18,ciena-3900,ciena-3900,Ciena,SNMP,7.0.13,CES 3900 Series,SWITCH
2019-01-25 19:11:18,zhone-zms,zhone-zms,Zhone Technologies,SNMP,7.0.5,ZMS,MANAGER
2019-01-25 19:11:18,valere-dc-power-xc2100,valere-dc-power-xc2100,Eltek Valere,SNMP,7.0.4,Modular Power System XC2100,POWER_EQUIPMENT
2019-01-25 19:11:18,valere-dc-power-ver1.0,valere-dc-power-ver1.0,Eltek Valere,SNMP,7.0.4,DC POWER,POWER_EQUIPMENT
2019-01-25 19:11:18,valere-dc-power,valere-dc-power,Eltek Valere,SNMP,7.0.9,"DC POWER,Eltek-Valere-JJ39S-ZNL-VT-Rectifier-Chassis,BC2000,Modular Power System XC2100",POWER_EQUIPMENT
2019-01-25 19:11:18,tellabs-accessmax,tellabs-accessmax,Tellabs,TL1,7.0.4,AccessMAX,MSPP
2019-01-25 19:11:18,symmetricom-tp-5000,symmetricom-tp-5000,Symmetricom,SNMP,7.0.4,UNKNOWN,UNKNOWN
2019-01-25 19:11:18,sonus-sbc-5110,sonus-sbc-5110,Sonus,SNMP,7.0.5,SBC,SBC
2019-01-25 19:11:18,rgb-sep,rgb-sep,RGB networks,SNMP,7.0.8,RGB-SEP,SERVER
2019-01-25 19:11:18,eltekhe-fp,eltekhe-fp,eltek,SNMP,7.0.4,Modular HE system,UNKNOWN
2019-01-25 19:11:18,eaton-powerxpertcard-ups,eaton-powerxpertcard-ups,Eaton,SNMP,7.0.6,PowerXpertUps,UPS
2019-01-25 19:11:18,docs3.0-arris-c4,docs3.0-arris-c4,ARRIS,SNMP,7.0.8,ARRIS C4 CMTS,CMTS
2019-01-25 19:11:18,cisco7206VXR-router,cisco7206VXR-router,"Cisco Systems, Inc",SNMP,7.0.8,7206VXR,ROUTER
2019-01-25 19:11:18,cisco-nexus-5596up,cisco-nexus-5596up,"Cisco Systems, Inc",SNMP,7.0.4,Cisco-Nexus-5596up,SWITCH
2019-01-25 19:11:18,cisco-me-1200,cisco-me-1200,"Cisco Systems, Inc",SNMP,7.0.4,ME 1200,SWITCH
2019-01-25 19:11:18,cisco-asr903,cisco-asr903,"Cisco Systems, Inc",SNMP,7.0.7,Cisco-asr903,ROUTER
2019-01-25 19:11:18,cisco-asa-5585x,cisco-asa-5585x,"Cisco Systems, Inc",SNMP,7.0.5,Cisco ASA 5585x,FIREWALL
2019-01-25 19:11:18,ciena-5150,ciena-5150,Ciena,SNMP,7.0.8,5150,SWITCH
2019-01-25 19:11:18,calix-e5-111,calix-e5-111,Calix,SNMP,7.0.6,E5-111,ESP
2019-01-25 19:11:18,calix-e5-110,calix-e5-110,Calix,SNMP,7.0.4,E5-110,ESP
2019-01-25 19:11:18,calix-e3-12c,calix-e3-12c,Calix,SNMP,7.0.5,E3-12C,ESP
2019-01-25 19:11:18,calix-c7-snmp,calix-c7-snmp,Calix,SNMP,7.0.5,C7,MSAP
2019-01-25 19:11:18,aurora-system3000,aurora-system3000,"Aurora Networks, Inc",SNMP,7.0.4,CH3000,UNKNOWN
2019-01-25 19:11:18,arris-c4,arris-c4,ARRIS,SNMP,7.0.4,ARRIS C4 CMTS,CMTS
2019-01-25 19:11:18,adtran-ta-1500,adtran-ta-1500,ADTRAN,SNMP,7.0.4,Total Access-1500,MSAP
2019-01-25 19:11:18,juniper-vmx,juniper-vmx,Juniper Networks,SNMP,7.0.4,juniper-vmx,ROUTER
2019-01-25 19:11:18,fujitsu-flashwave-4100es-r10,fujitsu-flashwave-4100es-r10,Fujitsu,TL1,7.0.11,flashwave-4100es,MSPP
2019-01-25 19:11:18,zhone-generic,zhone-generic,Zhone Technologies,SNMP,7.0.5,Zhone Generic,UNKNOWN
2019-01-25 19:11:18,zhone-arca-dacs-100,zhone-arca-dacs-100,Zhone Technoligies,TL1,6.0.10,Arca-Dacs 100,DCS
2019-01-25 19:11:18,western-multiplex-tsunami,western-multiplex-tsunami,Proxim Wireless Corporation,SNMP,7.0.2,western-multiplex-tsunami,UNKNOWN
2019-01-25 19:11:18,vmware-esxi-server,vmware-esxi-server,"VMware, Inc.",SNMP,7.0.2,vmware-esxi-server,SERVER
2019-01-25 19:11:18,vmware-esx,vmware-esx,"VMware, Inc.",SNMP,7.0.2,ESX,SERVER
2019-01-25 19:11:18,vmware,vmware,VMWare Inc,API,7.0.133,,
2019-01-25 19:11:18,viptela-vmanage,viptela-vmanage,Viptela,API,7.0.3,,
2019-01-25 19:11:18,veritas,veritas,Veritas,SNMP,7.0.2,veritas,UNKNOWN
2019-01-25 19:11:18,vecima-concierge-cg12m2,vecima-concierge-cg12m2,Vecima Networks,SNMP,7.0.2,Concierge CG12M2,UNKNOWN
2019-01-25 19:11:18,unknown-mib,unknown-mib,Unknown SNMP Agent,SNMP,6.0.10,UNKNOWN,UNKNOWN
2019-01-25 19:11:18,tems-nms,tems-nms,Tyco Electronics,SNMP,7.0.2,Tems-nms,AGENT
2019-01-25 19:11:18,telvue-hypercaster-b100-iptv,telvue-hypercaster-b100-iptv,telvue,SNMP,7.0.2,B100-IPTV,UNKNOWN
2019-01-25 19:11:18,tellabs-titan-532L-7.1,tellabs-titan-532L-7.1,Tellabs,ASCII,7.0.2,Titan 532L,DCS
2019-01-25 19:11:18,tellabs-titan-532L,tellabs-titan-532L,Tellabs,ASCII,7.0.2,Titan 532L,DCS
2019-01-25 19:11:18,tellabs-7100,tellabs-7100,Tellabs,TL1,7.0.2,Nano 7100,OSTP
2019-01-25 19:11:18,telcobridges-tmg3200,telcobridges-tmg3200,Genband,SNMP,7.0.3,TMG3200,GATEWAY
2019-01-25 19:11:18,telco-tmetro-8001,telco-tmetro-8001,TelcoSystems,SNMP,7.0.2,"T-metro-8001,Telco-7124",SWITCH
2019-01-25 19:11:18,telco-tmarc-3348s,telco-tmarc-3348s,Telco,SNMP,7.0.8,T-Marc 3348S,DEMARCATION_DEVICE
2019-01-25 19:11:18,telco-8006,telco-8006,Telco Systems,SNMP,7.0.8,T-metro-8006,SWITCH
2019-01-25 19:11:18,telco-3308,telco-3308,Telco Systems,SNMP,7.0.6,"T-Marc 3308, 3308H",DEMARCATION_DEVICE
2019-01-25 19:11:18,syslog,syslog,Syslog,ASCII,7.0.2,SYSLOG,SERVER
2019-01-25 19:11:18,syes-broadcast-transmitter,syes-broadcast-transmitter,Syes,SNMP,7.0.7,syes-broadcast-transmitter,UNKNOWN
2019-01-25 19:11:18,streamwide-voicemail-platform,streamwide-voicemail-platform,StreamWide,SNMP,7.0.2,SreamWide Voicemail Platform,UNKNOWN
2019-01-25 19:11:18,streamwide-prepaid-server,streamwide-prepaid-server,StreamWide,SNMP,7.0.2,SreamWide pre-paid sever,UNKNOWN
2019-01-25 19:11:18,starhome-tre-platform,starhome-tre-platform,StarHome,SNMP,7.0.2,StarHome TRE platform,UNKNOWN
2019-01-25 19:11:18,sonus-sgx4000,sonus-sgx4000,Sonus,SNMP,7.0.3,SGX,GATEWAY
2019-01-25 19:11:18,sonus-sbc-5200,sonus-sbc-5200,Sonus,SNMP,7.0.3,SBC,SBC
2019-01-25 19:11:18,sonus-psx,sonus-psx,"Sonus Networks, Inc.",SNMP,7.0.2,SONUS-PSX,UNKNOWN
2019-01-25 19:11:18,sonus-ems,sonus-ems,sonus,SNMP,7.0.2,sonus-ems,MANAGER
2019-01-25 19:11:18,sonus-dsi,sonus-dsi,SONUS,SNMP,7.0.2,Sonus-dsi,UNKNOWN
2019-01-25 19:11:18,siae-microelettronica-nms5ux,siae-microelettronica-nms5ux,siae microelettronica,SNMP,7.0.2,siae-microelettronica-nms5ux,MANAGER
2019-01-25 19:11:18,siae,siae,siae microelettronica,SNMP,6.0.5,siae,MANAGER
2019-01-25 19:11:18,sencore-vb220,sencore-vb220,Sencore,SNMP,7.0.2,VB220,VIDEO_PLATFORM
2019-01-25 19:11:18,ruckus-scg,ruckus-scg,"Ruckus Wireless, Inc.",SNMP,7.0.2,SCG,SERVICE_CONTROLLER
2019-01-25 19:11:18,ruckus-controller-zd3000,ruckus-controller-zd3000,"Ruckus Wireless, Inc.",SNMP,7.0.2,ZD3000,UNKNOWN
2019-01-25 19:11:18,peerapp,peerapp,PeerApp,SNMP,7.0.3,PeerApp Server,SERVER
2019-01-25 19:11:18,palo-alto-5050,palo-alto-5050,Palo Alto Networks,SNMP,7.0.3,palo-alto-5050,FIREWALL
2019-01-25 19:11:18,palo-alto,palo-alto,Palo Alto Networks,SNMP,7.0.13,palo-alto,FIREWALL
2019-01-25 19:11:18,oracle-db,oracle-db,Oracle,SNMP,7.0.3,oracle-db,UNKNOWN
2019-01-25 19:11:18,openstack,openstack,OpenStack,API,7.0.2,,
2019-01-25 19:11:18,opendaylight,opendaylight,OpenDayLight,API,7.0.2,,
2019-01-25 19:11:18,open-vswitch,open-vswitch,OpenDayLight,API,7.0.2,,
2019-01-25 19:11:18,nsn-netact,nsn-netact,Nokia Seimens,CORBA,7.0.3,NSN Netact EMS,MANAGER
2019-01-25 19:11:18,nortel-wnms,nortel-wnms,Nortel,ASCII,7.0.2,WNMS,MANAGER
2019-01-25 19:11:18,nortel-universal-sp,nortel-universal-sp,Nortel,ASCII,7.0.2,Universal Signaling Point,SWITCH
2019-01-25 19:11:18,nortel-gsm-umts-mg,nortel-gsm-umts-mg,Nortel,ASCII,7.0.2,GSM UMTS MG,SWITCH
2019-01-25 19:11:18,nortel-gsm-umts-atca-hlr,nortel-gsm-umts-atca-hlr,Nortel,ASCII,7.0.2,GSM UMTS ATCA-HLR,SWITCH
2019-01-25 19:11:18,nortel-gsm-umts-atca-cs,nortel-gsm-umts-atca-cs,Nortel,ASCII,7.0.2,GSM UMTS ATCA-CS,SWITCH
2019-01-25 19:11:18,nortel-dms-10,nortel-dms-10,Nortel,ASCII,7.0.2,"cs-1500,dms,dms-10",SWITCH
2019-01-25 19:11:18,nortel-dms,nortel-dms,Nortel,ASCII,7.0.2,DMS,SWITCH
2019-01-25 19:11:18,nortel-dfms,nortel-dfms,Nortel,ASCII,7.0.2,DFMS,MANAGER
2019-01-25 19:11:18,nokia-siemens,nokia-siemens,Nokia Siemens Networks,SNMP,7.0.2,TNMS-C,MANAGER
2019-01-25 19:11:18,nokia-nuage,nokia-nuage,NokiaNuage,API,7.0.6,,
2019-01-25 19:11:18,next-level,next-level,Next Level,SNMP,7.0.2,Next Level,SWITCH
2019-01-25 19:11:18,netomnia-server,netomnia-server,Centina Systems Inc.,SNMP,7.0.7,NetOmnia Server,SERVER
2019-01-25 19:11:18,netomnia-plugin,netomnia-plugin,Netomnia,SNMP,7.0.2,*,UNKNOWN
2019-01-25 19:11:18,nec-inc-100ms,nec-inc-100ms,NEC,CORBA,7.0.2,INC-100MS,MANAGER
2019-01-25 19:11:18,motorola-dsr-4460,motorola-dsr-4460,Motorola,SNMP,7.0.2,dsr-4460,DTV_RECEIVER
2019-01-25 19:11:18,motorola-dsr-4440,motorola-dsr-4440,Motorola,SNMP,7.0.2,Motorola-dsr4440,DTV_RECEIVER
2019-01-25 19:11:18,motorola-bnc,motorola-bnc,"Motorola, Inc",SNMP,7.0.4,motorola-bnc,UNKNOWN
2019-01-25 19:11:18,metaswitch-sbc,metaswitch-sbc,MetaSwitch,SNMP,7.0.5,SBC,MANAGER
2019-01-25 19:11:18,marconi-server,marconi-server,MARCONI TECHNOLOGIES,SNMP,7.0.18,TNX-1100,SWITCH
2019-01-25 19:11:18,lucent-omp,lucent-omp,Lucent,ASCII,7.0.2,OMP,SWITCH
2019-01-25 19:11:18,lucent-lcs5010,lucent-lcs5010,Alcatel-Lucent,SNMP,7.0.3,lcs5010,SWITCH
2019-01-25 19:11:18,lucent-gtd5,lucent-gtd5,Lucent,ASCII,7.0.2,GTD5,SWITCH
2019-01-25 19:11:18,lucent-5ess,lucent-5ess,Lucent,ASCII,7.0.2,5ESS,SWITCH
2019-01-25 19:11:18,logstash-test,logstash-test,"Centina Systems, Inc",SNMP,7.0.2,Centina logstash,UNKNOWN
2019-01-25 19:11:18,kohler-snmp-converter,kohler-snmp-converter,Sierra Monitor Corporation,SNMP,7.0.2,Modbus SNMP Converter,UNKNOWN
2019-01-25 19:11:18,juniper-vsrx,juniper-vsrx,Juniper,SNMP,7.0.3,Juniper vSRX,FIREWALL
2019-01-25 19:11:18,juniper-vmx-router-telemetry,juniper-vmx-router-telemetry,Juniper Networks,SNMP,7.0.2,juniper-vmx-router,ROUTER
2019-01-25 19:11:18,juniper-jnx250,juniper-jnx250,Juniper Networks,SNMP,7.0.2,Jnx250,UNKNOWN
2019-01-25 19:11:18,juniper-j2320,juniper-j2320,Juniper Networks,SNMP,7.0.3,j2320,ROUTER
2019-01-25 19:11:18,juniper-ex4600,juniper-ex4600,Juniper Networks,SNMP,7.0.2,juniper-ex4600,Switch
2019-01-25 19:11:18,ironport-antispam-server,ironport-antispam-server,"Cisco Systems,Inc",SNMP,7.0.4,ironport-antispam-server,SERVER
2019-01-25 19:11:18,ipoque-dpi,ipoque-dpi,Ipoque,SNMP,7.0.3,ipoque-dpi,UNKNOWN
2019-01-25 19:11:18,infogin,infogin,Infogin,SNMP,7.0.2,infogin,UNKNOWN
2019-01-25 19:11:18,infoblox-grid,infoblox-grid,"Infoblox, Inc.",SNMP,7.0.6,Infoblox-grid,UNKNOWN
2019-01-25 19:11:18,infinera-dna-m,infinera-dna-m,Infinera,SNMP,7.0.2,DNA-M,UNKNOWN
2019-01-25 19:11:18,ibm-mm,ibm-mm,IBM,SNMP,7.0.3,ibm-mm,UNKNOWN
2019-01-25 19:11:18,ibm-db2,ibm-db2,IBM,SNMP,7.0.3,ibm-db2,UNKNOWN
2019-01-25 19:11:18,huawei-u2000,huawei-u2000,Huawei Technologies,CORBA,7.0.2,Huawei U2000,MANAGER
2019-01-25 19:11:18,huawei-onu-5600,huawei-onu-5600,Huawei Technologies,SNMP,7.0.2,"MA5616, MA5612, MA5622",ONU
2019-01-25 19:11:18,huawei-m2000,huawei-m2000,Huawei Technologies,CORBA,7.0.4,Huawei M2000,MANAGER
2019-01-25 19:11:18,huawei-cx600,huawei-cx600,Huawei,SNMP,7.0.2,cx600,ROUTER
2019-01-25 19:11:18,huawei-cmc,huawei-cmc,Huawei,SNMP,7.0.2,SmartAX MA5800,CMTS
2019-01-25 19:11:18,huawei-ar-160,huawei-ar-160,Huawei,SNMP,7.0.2,Huawei AR-100 Series,ROUTER
2019-01-25 19:11:18,hp-proliant,hp-proliant,Hewlett Packard Enterprise,SNMP,7.0.30,hp-proliant,UNKNOWN
2019-01-25 19:11:18,hp-msa2040-san,hp-msa2040-san,Hewlett Packard,SNMP,7.0.2,hp-msa2040-san,SAN
2019-01-25 19:11:18,hatteras-hn400,hatteras-hn400,"Hatteras Networks,Inc",SNMP,7.0.2,HN400,SWITCH
2019-01-25 19:11:18,gigamon-gigavue-ta10,gigamon-gigavue-ta10,Gigamon,SNMP,7.0.3,gigamon-gigavue-ta10,SERVER
2019-01-25 19:11:18,generic-server,generic-server,*,SNMP,7.0.2,Generic Server,SERVER
2019-01-25 19:11:18,fujitsu-fw,fujitsu-fw,Fujitsu,TL1,7.0.2,FlashWave,ADM
2019-01-25 19:11:18,fujitsu-flm,fujitsu-flm,Fujitsu,TL1,7.0.5,FLM,ADM
2019-01-25 19:11:18,fujitsu-flashwave-7420,fujitsu-flashwave-7420,Fujitsu,SNMP,7.0.9,flashwave-7420,DWDM
2019-01-25 19:11:18,fujitsu-flashwave-5310,fujitsu-flashwave-5310,Fujitsu,SNMP,7.0.2,Flashwave-5310,UNKNOWN
2019-01-25 19:11:18,fujitsu-flashwave-4100-r5,fujitsu-flashwave-4100-r5,Fujitsu,TL1,7.0.6,flashwave-4100,MSPP
2019-01-25 19:11:18,force-inc-teleport,force-inc-teleport,Force Inc,SNMP,7.0.2,Force Inc L-Band3000,ONU
2019-01-25 19:11:18,fieldserver-quickserver-2.0,fieldserver-quickserver-2.0,FieldServer,SNMP,7.0.2,Fieldserver-Quickserver,GATEWAY
2019-01-25 19:11:18,fastback-ibr1300,fastback-ibr1300,Fastback Networks,SNMP,7.0.2,IBR-1300,SWITCH
2019-01-25 19:11:18,extreme-summit-switch,extreme-summit-switch,"Extreme Networks, Inc.",SNMP,7.0.2,Summit switch series,SWITCH
2019-01-25 19:11:18,evertz-7800,evertz-7800,Evertz,SNMP,7.0.2,evertz-fc,UNKNOWN
2019-01-25 19:11:18,ericsson-rx8300,ericsson-rx8300,Ericsson Rx8320-Rx8330,SNMP,7.0.2,Ericsson Rx8320-Rx8330,UNKNOWN
2019-01-25 19:11:18,ericsson-evr,ericsson-evr,Ericsson,SNMP,7.0.3,EVR,VIRTUAL_MACHINE
2019-01-25 19:11:18,emerson-netsure211,emerson-netsure211,EMERSON,SNMP,7.0.2,Netsure 211,POWER_EQUIPMENT
2019-01-25 19:11:18,emerson-netsure-802,emerson-netsure-802,Emerson,SNMP,7.0.2,emerson-netsure-802,POWER_EQUIPMENT
2019-01-25 19:11:18,emc,emc,emc,SNMP,7.0.2,emc,UNKNOWN
2019-01-25 19:11:18,ellacoya-e100,ellacoya-e100,Arbor Networks,SNMP,7.0.4,ellacoya-e100,UNKNOWN
2019-01-25 19:11:18,ekinops-c200hc,ekinops-c200hc,Ekinops,SNMP,7.0.2,Ekinops C200HC,UNKNOWN
2019-01-25 19:11:18,edfa-mosman,edfa-mosman,MOSSMAN,SNMP,7.0.2,EDFA-MOSSMAN,UNKNOWN
2019-01-25 19:11:18,dragonwave-horizon-quantum,dragonwave-horizon-quantum,Dragonwave Inc,SNMP,7.0.2,MICROWAVE_RADIO,MICROWAVE_RADIO
2019-01-25 19:11:18,dell-ar-s-4048on,dell-ar-s-4048on,"DELL EqualLogic, Inc.",SNMP,7.0.3,ar-s-4048on,SWITCH
2019-01-25 19:11:18,comverse,comverse,COMVERSE,SNMP,7.0.4,,UNKNOWN
2019-01-25 19:11:18,comptel-nt-system,comptel-nt-system,Comptel,SNMP,7.0.4,comptel-nt-system,UNKNOWN
2019-01-25 19:11:18,cisco-syslog,cisco-syslog,"Cisco Systems, Inc",ASCII,7.0.2,Cisco SYSLOG,SERVER
2019-01-25 19:11:18,cisco-ncs-55a,cisco-ncs-55a,"Cisco Systems, Inc",SNMP,7.0.5,Cisco-NCS-55A,ROUTER
2019-01-25 19:11:18,cisco-mgx,cisco-mgx,Cisco,SNMP,7.0.11,,SWITCH
2019-01-25 19:11:18,cisco-isr4000,cisco-isr4000,"Cisco Systems, Inc",SNMP,7.0.3,cisco-isr4000,ROUTER
2019-01-25 19:11:18,cisco-generic,cisco-generic,"Cisco Systems, Inc",SNMP,7.0.3,Cisco Generic,SWITCH
2019-01-25 19:11:18,cisco-8500,cisco-8500,"Cisco Systems, Inc",SNMP,7.0.2,cisco 8500 wireless controller,UNKNOWN
2019-01-25 19:11:18,cisco-4700,cisco-4700,"Cisco Systems, Inc",SNMP,7.0.2,Cisco 4700 Router,ROUTER
2019-01-25 19:11:18,cisco-3800-switch,cisco-3800-switch,Cisco,SNMP,7.0.2,Cisco,SWITCH
2019-01-25 19:11:18,cisco-3620,cisco-3620,"Cisco Systems, Inc",SNMP,7.0.3,Cisco 3600 Series Multifunction Platform,ROUTER
2019-01-25 19:11:18,cisco-3600,cisco-3600,"Cisco Systems, Inc",SNMP,7.0.2,Cisco 3600 Series Multifunction Platform,ROUTER
2019-01-25 19:11:18,cisco-3000,cisco-3000,"Cisco Systems, Inc",SNMP,7.0.6,Cisco Catalyst Switch 3012,SWITCH
2019-01-25 19:11:18,ciena-cpl-dwdm,ciena-cpl-dwdm,Ciena,SNMP,7.0.2,Ciena CPL DWDM,DWDM
2019-01-25 19:11:18,ciena-5170,ciena-5170,Ciena,SNMP,7.0.9,Ciena 5170 Service Aggregation Switch,SWITCH
2019-01-25 19:11:18,canoga-perkins,canoga-perkins,Canoga Perkins,SNMP,7.0.2,Canoga Perkins L321,UNKNOWN
2019-01-25 19:11:18,calix-e7,calix-e7,Calix,SNMP,7.0.5,E7,ESP
2019-01-25 19:11:18,calix-b6-318,calix-b6-318,Calix,SNMP,7.0.2,B6-318,ACCESS_POINT
2019-01-25 19:11:18,calix-b6-214,calix-b6-214,Calix,SNMP,7.0.2,B6-214,ACCESS_POINT
2019-01-25 19:11:18,brocade-ces2024f-4x,brocade-ces2024f-4x,"Brocade Communications Systems, Inc",SNMP,6.0.2,CES2024-4X,SWITCH
2019-01-25 19:11:18,bnt-gbesm,bnt-gbesm,BLADE Network Technologies,SNMP,7.0.2,bnt-gbesm,SWITCH
2019-01-25 19:11:18,aspen-syslog,aspen-syslog,Aspen,ASCII,7.0.2,ASPEN SYSLOG,SERVER
2019-01-25 19:11:18,arris-me-7000,arris-me-7000,Arris,SNMP,7.0.2,ME-7000,VIDEO_PLATFORM
2019-01-25 19:11:18,arris-cherry-picker-cap1000,arris-cherry-picker-cap1000,Arris,SNMP,7.0.4,cherry-picker-cap1000,VIDEO_PROCESSOR
2019-01-25 19:11:18,alcatelsam,alcatelsam,Alcatel,API,7.0.2,,
2019-01-25 19:11:18,alcatel-omniswitch-6900,alcatel-omniswitch-6900,Alcatel Lucent,SNMP,7.0.3,OmniSwitch-6900,SWITCH
2019-01-25 19:11:18,airframe-server,airframe-server,NOKIA,SNMP,7.0.2,airframe-server,UNKNOWN
2019-01-25 19:11:18,afc-umc-1000,afc-umc-1000,AFC,ASCII,7.0.2,UMC-1000,UNKNOWN
2019-01-25 19:11:18,adtran-mx408e,adtran-mx408e,Adtran,SNMP,7.0.2,MX408e,GATEWAY
2019-01-25 19:11:18,adtran-mx2820-snmp,adtran-mx2820-snmp,Adtran Inc.,SNMP,7.0.3,Adtran MX 2820,MUX
2019-01-25 19:11:18,adtran-mx2800-snmp,adtran-mx2800-snmp,Adtran,SNMP,7.0.3,MX 2800,MUX
2019-01-25 19:11:18,adtran-mx-2820,adtran-mx-2820,Adtran,TL1,7.0.5,MX 2820,MSPP
2019-01-25 19:11:18,adtran-mx-2800,adtran-mx-2800,Adtran,TL1,7.0.5,MX 2800,MSPP
2019-01-25 19:11:18,adtran-600,adtran-600,Adtran,SNMP,7.0.2,Adtran 600 ,UNKNOWN
2019-01-25 19:11:18,ademco-panel,ademco-panel,Ademco,ASCII,7.0.2,Panel,OAC
2019-01-25 19:11:18,a10thunder-3430,a10thunder-3430,A10 Networks,SNMP,7.0.4,thunder 3430,UNKNOWN
2019-01-25 19:11:18,UNKNOWN,UNKNOWN,Unknown Vendor,TL1,6.0.10,Unknown Product,UNKNOWN
2019-01-25 19:11:18,1finity-t100,1finity-t100,Fujitsu,SNMP,7.0.6,1finity-t100,UNKNOWN

